stem,issuer_name_as_stated,criminal_count,criminal_log1p,criminal_missing,regulatory_count,regulatory_log1p,regulatory_missing,tax_count,tax_log1p,tax_missing,litigation_amount_cr,litigation_amount_log1p,litigation_amount_size_adj,litigation_amount_missing,contingent_cr,contingent_log1p,contingent_size_adj,contingent_missing,customer_concentration_top10_pct,concentration_missing,going_concern_uncertainty_flag,going_concern_issuer_flag,auditor_severity,auditor_modified_flag
ACME_Solar_Holdings_Ltd_,ACME Solar Holdings Limited,4.0,1.6094379124341003,0,20.0,3.044522437723423,0,24.0,3.2188758248682006,0,135.51,4.916397872014886,-4.629424246208836,0,611.984,6.418338834453646,-3.1274832837700757,0,89.97,0,0,0,1,0
AGS_Transact_Technologies_Ltd_,not stated,43.0,3.784189633918261,0,62.0,4.143134726391533,0,42.0,3.7612001156935624,0,300.534,5.708882779295143,-2.269781230749132,0,18.597,2.9753764932969173,-5.003287516747358,0,62.8,0,0,0,1,0
ASK_Automotive_Ltd_,ASK Automotive Limited,1.0,0.6931471805599453,0,2.0,1.0986122886681098,0,5.0,1.791759469228055,0,5.746,1.9089497366394585,-5.3664580121613605,0,280.0,5.638354669333745,-1.6370530794670737,0,,1,0,0,1,0
Aadhar_Housing_Finance_Ltd_,Aadhar Housing Finance Limited,33.0,3.5263605246161616,0,2.0,1.0986122886681098,0,16.0,2.833213344056216,0,269.75,5.6011958858811,-4.198960756620244,0,14.36,2.731766727719526,-7.068389914781818,0,,1,0,0,1,0
Aastha_Spintex_Ltd_,Aastha Spintex Limited,0.0,0.0,0,0.0,0.0,0,10.0,2.3978952727983707,0,0.3803,0.32230086684739556,-5.484820080514993,0,2.3931,1.2217439578110547,-4.585376989551334,0,59.94,0,0,0,0,0
Abans_Holdings_Ltd_,Abans Holdings Limited,0.0,0.0,0,2.0,1.0986122886681098,0,8.0,2.1972245773362196,0,0.0596,0.05789147841577759,-7.058275367120054,0,121.2206,4.805827608634886,-2.310339236900946,0,,1,0,0,0,0
Adani_Wilmar_Ltd_,Adani Wilmar Limited,10.0,2.3978952727983707,0,152.0,5.030437921392435,0,30.0,3.4339872044851463,0,84.871,4.45284617012724,-5.341089316688088,0,244.308,5.502514563859431,-4.291420922955898,0,,1,0,0,0,0
Aditya_Birla_Sun_Life_AMC_Ltd_,Birla Sun Life Asset Management Company Limited,9.0,2.302585092994046,0,0.0,0.0,0,11.0,2.4849066497880004,0,7.277,2.1134805839032587,-5.529944822718715,0,,,,1,,1,0,0,0,0
Aditya_Infotech_Ltd_,Aditya Infotech Limited,0.0,0.0,0,0.0,0.0,0,15.0,2.772588722239781,0,69.998,4.262651707630477,-3.8005812679747226,0,,,,1,18.8,0,0,0,1,0
Advance_Agrolife_Ltd_,Advance Agrolife Limited,10.0,2.3978952727983707,0,0.0,0.0,0,4.0,1.6094379124341003,0,0.333,0.2874320411965716,-5.577533471051019,0,0.297,0.26005390533430683,-5.604911606913284,0,69.47,0,0,0,1,0
Advit_Jewels_Ltd_,Advit Jewels Limited,3.0,1.3862943611198906,0,0.0,0.0,0,0.0,0.0,0,0.0,0.0,-5.107156861086878,0,,,,1,54.17,0,0,0,0,0
Aegis_Vopak_Terminals_Ltd_,Aegis Vopak Terminals Limited,6.0,1.9459101490553132,0,0.0,0.0,0,16.0,2.833213344056216,0,59.837,4.108198156510636,-4.567126352898339,0,1354.826,7.2121661416827365,-1.4631583677262388,0,44.56,0,0,0,0,0
Aequs_Ltd_,Aequs Limited,0.0,0.0,0,0.0,0.0,0,8.0,2.1972245773362196,0,83.389,4.435437061354436,-3.2309487852987395,0,93.432,4.5478799987605285,-3.1185058478926466,0,88.57,0,0,0,1,0
Aeroflex_Industries_Ltd_,Aeroflex Industries Limited,,,1,,,1,,,1,,,,1,,,,1,,1,0,0,0,0
Aether_Industries_Ltd_,Aether Industries Limited,0.0,0.0,0,0.0,0.0,0,3.0,1.3862943611198906,0,2.097,1.1304339009910658,-5.435619490552726,0,,,,1,,1,0,0,0,0
Afcons_Infrastructure_Ltd_,Afcons Infrastructure Limited,24.0,3.2188758248682006,0,7.0,2.0794415416798357,0,41.0,3.7376696182833684,0,5005.034,8.518399263818436,-1.2334266752596577,0,1435.298,7.269824248970052,-2.4820016901080413,0,,1,1,0,1,0
Affle__India__Ltd_,Affle (India) Limited,7.0,2.0794415416798357,0,1.0,0.6931471805599453,0,4.0,1.6094379124341003,0,2.66,1.297463147413275,-3.773137727850415,0,,,,1,64.5,0,0,0,1,0
Ajax_Engineering_Ltd_,Ajax Engineering Limited,0.0,0.0,0,0.0,0.0,0,15.0,2.772588722239781,0,1.673,0.983201437156782,-6.224480640693573,0,,,,1,50.51,0,0,0,1,0
Akme_Fintrade__India__Ltd_,Akme Fintrade (India) Limited,1.0,0.6931471805599453,0,0.0,0.0,0,3.0,1.3862943611198906,0,6.5707,2.0242855334516556,-4.0134899165195765,0,,,,1,,1,0,0,0,0
Akums_Drugs___Pharmaceuticals_Ltd_,Akums,2.0,1.0986122886681098,0,113.0,4.736198448394496,0,47.0,3.871201010907891,0,102.493,4.639503977567978,-3.525964852670791,0,88.622,4.4956008255562105,-3.6698680046825585,0,,1,0,0,0,0
All_Time_Plastics_Ltd_,All Time Plastics Limited,1.0,0.6931471805599453,0,0.0,0.0,0,4.0,1.6094379124341003,0,3.655,1.5379419107290304,-4.79590593960082,0,0.6,0.4700036292457355,-5.863844221084114,0,89.55,0,0,0,1,0
Allied_Blenders___Distillers_Ltd_,Allied Blenders and Distillers Limited,4.0,1.6094379124341003,0,45.0,3.828641396489095,0,91.0,4.5217885770490405,0,129.783,4.873539461157381,-3.043045620798358,0,155.544,5.0533371206246525,-2.863247961331086,0,,1,0,0,1,0
Amagi_Media_Labs_Ltd_,Amagi Media Labs Limited,2.0,1.0986122886681098,0,0.0,0.0,0,12.0,2.5649493574615367,0,117.507,4.774972030560478,-2.4352258463466647,0,69.764,4.259350396806368,-2.9508474801007747,0,33.74,0,0,0,1,0
Amanta_Healthcare_Ltd_,GPT Healthcare Limited,3.0,1.3862943611198906,0,0.0,0.0,0,0.0,0.0,0,29.231,3.408867887966375,-2.5385402729446875,0,1.763,1.0163170459412794,-4.931091114969783,0,,1,0,0,1,0
Ami_Organics_Ltd_,Ami Organics Limited,,,1,,,1,8.0,2.1972245773362196,0,1.624,0.9646998710818426,-5.061818064083527,0,0.348,0.2986220124901153,-5.727895922675254,0,,1,0,0,0,0
Amir_Chand_Jagdish_Kumar__Exports__Ltd_,Amir Chand Jagdish Kumar (Exports) Limited,2.0,1.0986122886681098,0,0.0,0.0,0,23.0,3.1780538303479458,0,52.206,3.9741711719430795,-3.357164144572393,0,173.278,5.160651725397303,-2.17068359111817,0,43.08,0,0,0,0,0
Anand_Rathi_Share___Stock_Brokers_Ltd_,EMKAY SHARE AND STOCK BROKERS LIMITED,,,1,,,1,4.0,1.6094379124341003,0,0.4423,0.3662390616073275,-7.755241313143424,0,,,,1,,1,0,0,0,0
Anand_Rathi_Wealth_Ltd_,Anand Rathi Wealth Limited,13.0,2.6390573296152584,0,2.0,1.0986122886681098,0,1.0,0.6931471805599453,0,0.546,0.4356709501652302,-5.564059341359784,0,0.462,0.3798053613275868,-5.619924930197428,0,,1,0,0,1,0
Angel_Broking_Ltd_,Angel Broking Limited,178.0,5.187385805840755,0,1.0,0.6931471805599453,0,8.0,2.1972245773362196,0,53.156,3.9918687706328644,-4.005827980569751,0,297.396,5.698421463414023,-2.299275287788592,0,,1,0,0,0,0
Anlon_Healthcare_Ltd_,Anlon Healthcare Limited,0.0,0.0,0,0.0,0.0,0,9.0,2.302585092994046,0,12.064,2.569860355668164,-2.635793326016453,0,1.1528,0.766769320430559,-4.438884361254058,0,77.7,0,0,0,0,0
Anthem_Biosciences_Ltd_,Anthem Biosciences Limited,22.0,3.1354942159291497,0,1.0,0.6931471805599453,0,12.0,2.5649493574615367,0,49.194,3.91589549764202,-4.024538798881161,0,58.522,4.086345992110834,-3.854088304412347,0,77.33,0,0,0,0,0
Antony_Waste_Handling_Cell_Ltd_,Antony Waste Handling Cell Limited,32.0,3.4965075614664802,0,,,1,8.0,2.1972245773362196,0,100.218,4.617276606649801,-1.9459722478827945,0,8.462,2.2472837772089562,-4.315965077323639,0,,1,0,0,1,0
Anupam_Rasayan_India_Ltd_,Anupam Rasayan India Limited,0.0,0.0,0,0.0,0.0,0,0.0,0.0,0,,,,1,0.007905,0.007873919175994532,-7.552321122614997,0,86.65,0,0,0,0,0
Apeejay_Surrendra_Park_Hotels_Ltd_,Apeejay Surrendra Park Hotels Limited,5.0,1.791759469228055,0,6.0,1.9459101490553132,0,37.0,3.6375861597263857,0,125.127,4.837289335832487,-2.395089691413185,0,90.22,4.5132741712835545,-2.719104855962118,0,,1,1,1,1,0
Aptus_Value_Housing_Finance_India_Ltd_,India Shelter Finance Corporation Limited,2.0,1.0986122886681098,0,4.0,1.6094379124341003,0,0.0,0.0,0,,,,1,0.555,0.4414755456311975,-7.975050543256835,0,,1,0,0,1,0
Archean_Chemical_Industries_Ltd_,Archean Chemical Industries Limited,0.0,0.0,0,0.0,0.0,0,11.0,2.4849066497880004,0,18.577,2.974355407794406,-4.408173356561219,0,21.769,3.1253999616760275,-4.257128802679598,0,61.99,0,0,0,1,0
Arisinfra_Solutions_Ltd_,Arisinfra Solutions Limited,1.0,0.6931471805599453,0,3.0,1.3862943611198906,0,6.0,1.9459101490553132,0,3.547,1.5144676748428736,-4.86151069362034,0,,,,1,45.24,0,0,0,1,0
Arkade_Developers_Ltd_,Arkade Developers Limited,5.0,1.791759469228055,0,37.0,3.6375861597263857,0,7.0,2.0794415416798357,0,43.238,3.7895841482355683,-2.566540873420732,0,31.743,3.4886891987774984,-2.867435822878802,0,,1,0,0,0,0
Ather_Energy_Ltd_,Ather Energy Limited,11.0,2.4849066497880004,0,2.0,1.0986122886681098,0,35.0,3.58351893845611,0,116.198,4.7638648121508895,-2.91999916810554,0,60.8,4.123903364463645,-3.559960615792784,0,,1,0,0,1,0
Atlanta_Electricals_Ltd_,Atlanta Limited,,,1,,,1,,,1,,,,1,74.877,4.329113608175594,-2.4361444910779877,0,,1,0,0,0,0
Avalon_Technologies_Ltd_,Avalon Technologies Limited,0.0,0.0,0,8.0,2.1972245773362196,0,11.0,2.4849066497880004,0,7.291,2.1151705891340815,-4.26318768049663,0,3.719,1.5515969127442504,-4.826761356886461,0,64.57,0,0,0,0,0
Awfis_Space_Solutions_Ltd_,Awfis Space Solutions Limited,2.0,1.0986122886681098,0,0.0,0.0,0,21.0,3.091042453358316,0,53.644,4.00083941902524,-3.209424966651847,0,,,,1,,1,0,0,1,0
Aye_Finance_Ltd_,Not disclosed,0.0,0.0,0,1.0,0.6931471805599453,0,5.0,1.791759469228055,0,15.883,2.8263071984950567,-6.04393577388964,0,15.892,2.826840137071697,-6.043402835313,0,,1,0,0,1,0
Azad_Engineering_Ltd_,Azad Engineering,0.0,0.0,0,3.0,1.3862943611198906,0,72.0,4.290459441148391,0,26.914,3.3291283550864526,-3.1286298227255793,0,,,,1,,1,0,0,1,0
BLS_E-Services_Ltd_,BLS E-Services Limited,0.0,0.0,0,0.0,0.0,0,12.0,2.5649493574615367,0,7.6828,2.16134405729947,-3.208223630776733,0,22.7379,3.1670729269706253,-2.202494761105578,0,,1,0,0,0,0
BMW_Ventures_Ltd_,BMW Ventures Limited,0.0,0.0,0,0.0,0.0,0,4.0,1.6094379124341003,0,0.0872,0.0836055838547969,-6.434198619660514,0,57.45,4.068171687918078,-2.4496325155972336,0,,1,0,0,0,0
Baazar_Style_Retail_Ltd_,Baazar Style Retail Limited,0.0,0.0,0,0.0,0.0,0,16.0,2.833213344056216,0,4.314,1.6703448473376217,-5.391821077677632,0,3.0,1.3862943611198906,-5.675871563895362,0,,1,0,0,1,0
Bajaj_Housing_Finance_Ltd_,Bajaj Housing Finance Limited,88.0,4.48863636973214,0,0.0,0.0,0,10.0,2.3978952727983707,0,23.9,3.214867803470662,-8.176339982777485,0,3.53,1.5107219394949427,-9.880485846753205,0,,1,0,0,1,0
Bansal_Wire_Industries_Ltd_,Bansal Wires Limited,0.0,0.0,0,0.0,0.0,0,10.0,2.3978952727983707,0,12.34,2.590767040487478,-4.552068265781237,0,,,,1,,1,0,0,0,0
Barak_Valley_Cements_Ltd_,not disclosed,,,1,,,1,,,1,,,,1,22.0225,3.136471998613385,,0,45.0,0,0,0,0,0
Barbeque-Nation_Hospitality_Ltd_,Barbeque Nation Hospitality Limited,3.0,1.3862943611198906,0,76.0,4.343805421853684,0,31.0,3.4657359027997265,0,67.057,4.220345589347223,-2.5926483591852234,0,92.021,4.532825274114429,-2.280168674418017,0,,1,0,0,1,0
Belrise_Industries_Ltd_,Belrise Industries Limited,5.0,1.791759469228055,0,18.0,2.9444389791664403,0,31.0,3.4657359027997265,0,23.557,3.200996945980909,-5.592112875715626,0,20.302,3.058800965020974,-5.734308856675562,0,50.77,0,0,0,0,0
Bharat_Coking_Coal_Ltd_,Bharat Coking Coal Limited,26.0,3.295836866004329,0,12.0,2.5649493574615367,0,383.0,5.950642552587727,0,3199.966,8.071207918232728,-1.7657193374205775,0,4188.74,8.34039395848488,-1.4965332971684262,0,87.64,0,0,0,1,0
Bharti_Hexacom_Ltd_,Bharti Hexacom Limited,10.0,2.3978952727983707,0,234.0,5.459585514144159,0,50.0,3.9318256327243257,0,2405.5,7.785928688743164,-2.097560217286274,0,275.3,5.621487231929371,-4.262001674100067,0,,1,0,0,1,0
Bikaji_Foods_International_Ltd_,Bikaji Foods International Limited,35.0,3.58351893845611,0,28.0,3.367295829986474,0,4.0,1.6094379124341003,0,2.086,1.126875753940969,-5.9182734484799875,0,3.331,1.4657984622324896,-5.579350740188467,0,,1,1,0,1,0
Billionbrains_Garage_Ventures_Ltd_,Not stated in this section,6.0,1.9459101490553132,0,5.0,1.791759469228055,0,27.0,3.332204510175204,0,179.511,5.195791717744313,-4.254681467273342,0,3.286,1.4553538970513853,-7.99511928796627,0,,1,0,0,0,0
BlueStone_Jewellery___Lifestyle_Ltd_,BlueStone Jewellery and Lifestyle Limited,0.0,0.0,0,5.0,1.791759469228055,0,6.0,1.9459101490553132,0,8.283,2.2281847704177955,-5.94179712656071,0,,,,1,,1,0,0,1,0
Blue_Jet_Healthcare_Ltd_,Blue Jet Healthcare Private Limited,0.0,0.0,0,1.0,0.6931471805599453,0,4.0,1.6094379124341003,0,0.912,0.6481498146292095,-6.159564110172701,0,0.912,0.6481498146292095,-6.159564110172701,0,83.74,0,0,0,1,0
Borana_Weaves_Ltd_,Borana Weaves Limited,0.0,0.0,0,0.0,0.0,0,0.0,0.0,0,0.0,0.0,-5.015092014813197,0,9.8236,2.3817289352706337,-2.6333630795425633,0,54.75,0,0,0,0,0
Brainbees_Solutions_Ltd_,FirstCry,5.0,1.791759469228055,0,21.0,3.091042453358316,0,55.0,4.02535169073515,0,25.478,3.276314199515465,-5.647860283355177,0,5.398,1.8559854415273263,-7.068189041343316,0,,1,1,0,1,0
Brigade_Hotel_Ventures_Ltd_,Brigade Hotel Ventures Limited,4.0,1.6094379124341003,0,9.0,2.302585092994046,0,13.0,2.6390573296152584,0,38.411,3.6740449651554807,-3.1809106222344554,0,,,,1,,1,0,0,1,0
Burger_King_India_Ltd_,not disclosed,3.0,1.3862943611198906,0,6.0,1.9459101490553132,0,11.0,2.4849066497880004,0,6.051,1.9531694507369035,-5.118505775858636,0,,,,1,,1,0,0,1,0
CMR_Green_Technologies_Ltd_,Tata Technologies Limited,36.0,3.6109179126442243,0,6.0,1.9459101490553132,0,19.0,2.995732273553991,0,142.41,4.965707660741121,-3.237207568883651,0,29.313,3.411576663407024,-4.791338566217748,0,,1,0,0,0,0
CMS_Info_Systems_Ltd_,CMS Info Systems Limited,0.0,0.0,0,2.0,1.0986122886681098,0,8.0,2.1972245773362196,0,34.66,3.574029612434994,-3.7905743982963815,0,6.168,1.9696266756726293,-5.394977335058746,0,66.96,0,0,0,1,0
CSB_Bank_Ltd_,CSB Bank Limited,11.0,2.4849066497880004,0,15.0,2.772588722239781,0,65.0,4.189654742026425,0,81.154,4.408595534716026,-5.351267575587146,0,65.7757,4.20133924190626,-5.558523868396912,0,,1,0,0,0,0
CSM_Technologies_Ltd_,CSM Technologies Limited,0.0,0.0,0,0.0,0.0,0,22.0,3.1354942159291497,0,11.0125,2.485947774296411,-2.846771018968958,0,41.6573,3.753198419900995,-1.5795203733643737,0,77.56,0,1,0,1,0
C_E_Info_systems_Ltd_,MapmyIndia,,,1,,,1,,,1,,,,1,2.562,1.27032218486747,-4.875921416028065,0,,1,0,0,0,0
Campus_Activewear_Ltd_,Campus Activewear Limited,2.0,1.0986122886681098,0,0.0,0.0,0,0.0,0.0,0,,,,1,0.398,0.3350426438116185,-6.451324358435495,0,,1,0,0,0,0
Canara_HSBC_Life_Insurance_Co_Ltd_,Canara HSBC Life Insurance Company Limited,9.0,2.302585092994046,0,0.0,0.0,0,8.0,2.1972245773362196,0,50.009,3.9320020877434585,-6.761055387847667,0,319.889,5.771095268936826,-4.9219622066543,0,,1,0,0,0,0
Canara_Robeco_Asset_Management_Co_Ltd_,Canara Robeco Asset Management Company Limited,7.0,2.0794415416798357,0,0.0,0.0,0,2.0,1.0986122886681098,0,3.634,1.5334204260101845,-5.067945553054475,0,3.344,1.4687955826316343,-5.132570396433025,0,,1,0,0,1,0
Capillary_Technologies_India_Ltd_,Capillary Technologies India Limited,4.0,1.6094379124341003,0,2.0,1.0986122886681098,0,11.0,2.4849066497880004,0,36.624,3.627642144642747,-3.1673139088438007,0,0.391,0.33002291294130587,-6.4649331405452415,0,58.71,0,0,0,1,0
Capital_Small_Finance_Bank_Ltd_,Capital Small Finance Bank Limited,0.0,0.0,0,0.0,0.0,0,1.0,0.6931471805599453,0,1.221,0.7979575449122904,-8.237039664538743,0,52.918,3.9874643739279962,-5.047532835523037,0,,1,0,0,1,0
CarTrade_Tech_Ltd_,CarTrade Tech Limited,0.0,0.0,0,0.0,0.0,0,11.0,2.4849066497880004,0,4.835,1.7638742657385194,-5.802022584604748,0,1.239,0.8060293376166178,-6.759867512726649,0,,1,0,0,1,0
Carraro_India_Ltd_,Carraro India Limited,0.0,0.0,0,1.0,0.6931471805599453,0,37.0,3.6375861597263857,0,306.843,5.729589912752101,-1.2683807715013398,0,193.527,5.2705709709049655,-1.7273997133484755,0,85.39,0,0,0,1,0
Ceigall_India_Ltd_,Ceigall India Limited,0.0,0.0,0,22.0,3.1354942159291497,0,9.0,2.302585092994046,0,3.183,1.4310286924600613,-6.429615364593949,0,939.08,6.845964978025686,-1.0146790790283244,0,,1,0,0,0,0
Cello_World_Ltd_,Cello World Limited,0.0,0.0,0,0.0,0.0,0,12.0,2.5649493574615367,0,7.469,2.136412437939462,-5.294324282578678,0,169.7,5.139907629800395,-2.2908290907177458,0,,1,0,0,0,0
Central_Mine_Planning___Design_Institute_Ltd_,Central Mine Planning & Design Institute Limited,2.0,1.0986122886681098,0,5.0,1.791759469228055,0,16.0,2.833213344056216,0,194.3,5.274536837882633,-2.702099779376094,0,210.83,5.355784066196366,-2.6208525510623613,0,95.0,0,0,0,1,0
Chalet_Hotels_Ltd_,Chalet Hotels Limited,24.0,3.2188758248682006,0,95.0,4.564348191467836,0,21.0,3.091042453358316,0,46.224,3.854902237938388,-4.376580269894811,0,,,,1,,1,0,0,1,0
Chemcon_Speciality_Chemicals_Ltd_,Not stated in provided text,,,1,,,1,2.0,1.0986122886681098,0,0.269,0.23822918873225063,-5.18579529043852,0,,,,1,,1,0,0,1,0
Chemplast_Sanmar_Ltd_,Chemplast Sanmar Limited,2.0,1.0986122886681098,0,33.0,3.5263605246161616,0,289.0,5.66988092298052,0,193.471,5.270283051684883,-3.138676612035118,0,155.105,5.050528857757932,-3.358430805962069,0,30.0,0,0,0,1,0
Clean_Max_Enviro_Energy_Solutions_Ltd_,Clean Max,7.0,2.0794415416798357,0,5.0,1.791759469228055,0,50.0,3.9318256327243257,0,249.015,5.521520916062318,-4.216304537094903,0,196.741,5.286958093601947,-4.450867359555274,0,36.16,0,0,0,0,0
Clean_Science___Technology_Ltd_,Clean Science and Technology Limited,4.0,1.6094379124341003,0,0.0,0.0,0,1.0,0.6931471805599453,0,0.238,0.21349717426240436,-6.280135629520386,0,,,,1,47.9,0,0,0,1,0
Computer_Age_Management_Services_Ltd_,Computer Age Management Services Limited,2.0,1.0986122886681098,0,0.0,0.0,0,28.0,3.367295829986474,0,26.112,3.29997643430475,-3.42919031147254,0,19.384,3.014750279389753,-3.714416466387537,0,,1,0,0,1,0
Concord_Biotech_Ltd_,not disclosed,0.0,0.0,0,0.0,0.0,0,7.0,2.0794415416798357,0,14.31,2.7285062096695922,-4.5946513068666075,0,14.31,2.7285062096695922,-4.5946513068666075,0,44.28,0,0,0,0,0
Concord_Enviro_Systems_Ltd_,Concord Enviro Systems Limited,0.0,0.0,0,1.0,0.6931471805599453,0,10.0,2.3978952727983707,0,73.911,4.3163007422232464,-2.1468691104577022,0,94.72,4.561427263040173,-1.9017425896407758,0,62.49,0,0,0,0,0
Corona_Remedies_Ltd_,CORONA Remedies Limited,0.0,0.0,0,25.0,3.258096538021482,0,0.0,0.0,0,0.0,0.0,-6.921046557303347,0,,,,1,,1,0,0,0,0
Craftsman_Automation_Ltd_,Craftsman Automation Limited,0.0,0.0,0,3.0,1.3862943611198906,0,23.0,3.1780538303479458,0,21.238,3.1018025372810576,-4.615677787546803,0,19.877,3.0386480745308226,-4.678832250297038,0,51.7,0,0,0,1,0
Credo_Brands_Marketing_Ltd_,Credo Brands Marketing Limited,0.0,0.0,0,0.0,0.0,0,3.0,1.3862943611198906,0,0.4,0.33647223662121295,-6.0493627665893195,0,1.158,0.7691818668359429,-5.616653136374589,0,,1,0,0,1,0
Crizac_Ltd_,Crizac Limited,,,1,,,1,,,1,,,,1,,,,1,70.56,0,0,0,1,0
Cyient_DLM_Ltd_,Cyient DLM Limited,0.0,0.0,0,0.0,0.0,0,4.0,1.6094379124341003,0,1.616,0.9616464335949523,-6.04660555187881,0,,,,1,91.08,0,0,0,1,0
DAM_Capital_Advisors_Ltd_,DAM Capital Advisors Limited,0.0,0.0,0,1.0,0.6931471805599453,0,0.0,0.0,0,,,,1,0.776,0.5743636445699783,-4.7994321831539635,0,,1,0,0,0,0
DCX_Systems_Ltd_,DCX India,,,1,,,1,1.0,0.6931471805599453,0,0.141,0.13190507087993858,-6.5071992235565475,0,484.921,6.186046059247247,-0.45305823518923916,0,99.71,0,0,0,1,0
DEE_Development_Engineers_Ltd_,DEE Development Engineers Limited,1.0,0.6931471805599453,0,6.0,1.9459101490553132,0,11.0,2.4849066497880004,0,19.905,3.0399883648085284,-4.026487137715237,0,96.632,4.581205308534259,-2.485270193989506,0,70.96,0,0,0,1,0
DOMS_Industries_Ltd_,Not disclosed,0.0,0.0,0,10.0,2.3978952727983707,0,6.0,1.9459101490553132,0,0.879,0.6307397204313283,-6.091240043705337,0,0.255,0.22713557258374723,-6.494844191552918,0,,1,0,0,0,0
Data_Patterns__India__Ltd_,not disclosed in the provided risk section,0.0,0.0,0,0.0,0.0,0,6.0,1.9459101490553132,0,2.852,1.348592493935879,-4.528582906769976,0,,,,1,,1,0,0,1,0
Deepak_Builders___Engineers_India_Ltd_,Deepak Builders & Engineers India Limited,3.0,1.3862943611198906,0,,,1,30.0,3.4339872044851463,0,15.722,2.8167252177278663,-3.648018837072136,0,,,,1,92.3,0,0,0,1,0
Delhivery_Ltd_,Delhivery Limited,12.0,2.5649493574615367,0,18.0,2.9444389791664403,0,36.0,3.6109179126442243,0,104.992,4.663363619565822,-4.376245369310866,0,96.862,4.583558323011631,-4.456050665865058,0,,1,0,0,1,0
Denta_Water___Infra_Solutions_Ltd_,Denta Water and Infra Solutions Limited,0.0,0.0,0,0.0,0.0,0,1.0,0.6931471805599453,0,0.314,0.27307592006241876,-5.126669239115731,0,,,,1,69.1,0,0,0,1,0
Dev_Accelerator_Ltd_,not stated,0.0,0.0,0,0.0,0.0,0,9.0,2.302585092994046,0,1.419,0.8833542316278902,-5.410767203606574,0,1.419,0.8833542316278902,-5.410767203606574,0,38.58,0,0,0,0,0
Devyani_International_Ltd_,Devyani International Limited,6.0,1.9459101490553132,0,37.0,3.6375861597263857,0,27.0,3.332204510175204,0,24.121,3.2237041497248415,-4.196521399849965,0,23.927,3.215951553350954,-4.2042739962238524,0,,1,1,1,2,1
Dharmaj_Crop_Guard_Ltd_,not disclosed,1.0,0.6931471805599453,0,1.0,0.6931471805599453,0,0.0,0.0,0,6.979,2.076813090326144,-3.6492525925705146,0,2.02,1.1052568313867783,-4.62080885150988,0,19.22,0,0,0,0,0
Diffusion_Engineers_Ltd_,Diffusion Engineers Limited,0.0,0.0,0,18.0,2.9444389791664403,0,1.0,0.6931471805599453,0,13.045,2.642266460556207,-2.980269804730955,0,,,,1,29.43,0,0,0,0,0
Divgi_TorqTransfer_Systems_Ltd_,Divgi TorqTransfer Systems Limited,1.0,0.6931471805599453,0,0.0,0.0,0,0.0,0.0,0,0.0,0.0,-6.066595210420497,0,3.59,1.5238800240724537,-4.542715186348044,0,,1,0,0,0,0
Dodla_Dairy_Ltd_,Dodla Dairy Limited,8.0,2.1972245773362196,0,0.0,0.0,0,10.0,2.3978952727983707,0,30.839,3.460691953447795,-3.3017947494430944,0,16.555,2.8653388096203956,-3.897147893270494,0,,1,0,0,1,0
Dr_Agarwal_s_Health_Care_Ltd_,Dr. Agarwal’s Health Care Limited,0.0,0.0,0,0.0,0.0,0,19.0,2.995732273553991,0,1.66,0.9783261227936076,-7.1515591171189214,0,21.484,3.1128039451398286,-5.0170812947727,0,,1,0,0,0,0
Dreamfolks_Services_Ltd_,not disclosed,,,1,,,1,,,1,,,,1,,,,1,99.11,0,0,0,1,0
ECOS__India__Mobility___Hospitality_Ltd_,Ecos (India) Mobility & Hospitality Limited,5.0,1.791759469228055,0,0.0,0.0,0,17.0,2.8903717578961645,0,8.351,2.2354832894533097,-3.4604686060877032,0,,,,1,32.84,0,0,0,0,0
EMS_Ltd_,EMS Limited,3.0,1.3862943611198906,0,0.0,0.0,0,10.0,2.3978952727983707,0,1.5512,0.9365638367137108,-5.52446674390896,0,251.7363,5.5323466526728495,-0.9286839279498205,0,,1,0,0,0,0
EPACK_Durable_Ltd_,EPACK Durable Limited,0.0,0.0,0,1.0,0.6931471805599453,0,5.0,1.791759469228055,0,0.431,0.35837350057431383,-6.61932752909449,0,1.369,0.8624679251766484,-6.115233104492155,0,,1,0,0,2,1
ESAF_Small_Finance_Bank_Ltd_,ESAF Small Finance Bank Limited,1.0,0.6931471805599453,0,5.0,1.791759469228055,0,13.0,2.6390573296152584,0,28.867,3.3967541919647806,-6.545806947517483,0,,,,1,,1,0,0,1,0
Easy_Trip_Planners_Ltd_,Easy Trip Planners Limited,5.0,1.791759469228055,0,0.0,0.0,0,8.0,2.1972245773362196,0,139.211,4.943148430866511,-0.9373007531401853,0,125.788,4.842516400300766,-1.037932783705931,0,,1,0,0,1,0
Electronics_Mart_India_Ltd_,Electronics Mart India Limited,0.0,0.0,0,4.0,1.6094379124341003,0,4.0,1.6094379124341003,0,96.785,4.582771191044612,-2.8883528247422543,0,1.324,0.8432898389896648,-6.627834176797202,0,,1,0,0,1,0
Elin_Electronics_Ltd_,Elin Electronics Limited,2.0,1.0986122886681098,0,3.0,1.3862943611198906,0,28.0,3.367295829986474,0,4.481,1.7012875660639792,-4.679241667784386,0,9.895,2.388303968396583,-3.9922252654517827,0,77.14,0,0,0,1,0
Ellenbarrie_Industrial_Gases_Ltd_,Ellenbarrie Industrial Gases Limited,0.0,0.0,0,1.0,0.6931471805599453,0,6.0,1.9459101490553132,0,10.077,2.4048708865347956,-4.336794388363659,0,10.171,2.413321134588711,-4.328344140309744,0,,1,0,0,1,0
Emcure_Pharmaceuticals_Ltd_,Emcure Pharmaceuticals Limited,13.0,2.6390573296152584,0,16.0,2.833213344056216,0,78.0,4.3694478524670215,0,351.516,5.865096011293147,-3.0977005290452126,0,285.505,5.657755988009491,-3.305040552328869,0,,1,0,0,1,0
Emmvee_Photovoltaic_Power_Ltd_,Emmvee Photovoltaic Power Limited,2.0,1.0986122886681098,0,0.0,0.0,0,36.0,3.6109179126442243,0,19.883,3.038935430854639,-5.338701397053656,0,19.284,3.009832397932773,-5.367804429975523,0,84.98,0,0,0,1,0
Entero_Healthcare_Solutions_Ltd_,Entero Healthcare Solutions Limited,4.0,1.6094379124341003,0,5.0,1.791759469228055,0,8.0,2.1972245773362196,0,1.701,0.9936220748104786,-6.324220944765266,0,0.296,0.25928259793008296,-7.058560421645662,0,,1,0,0,0,0
Enviro_Infra_Engineers_Ltd_,Enviro Infra Engineers Ltd.,0.0,0.0,0,0.0,0.0,0,19.0,2.995732273553991,0,3.3245,1.4642965267644295,-5.237504121324179,0,258.8256,5.560010636718427,-1.1417900113701807,0,,1,0,0,0,0
Epack_Prefab_Technologies_Ltd_,Tata Technologies Limited,36.0,3.6109179126442243,0,6.0,1.9459101490553132,0,19.0,2.995732273553991,0,142.41,4.965707660741121,-1.8716466129416922,0,,,,1,,1,0,0,0,0
Equitas_Small_Finance_Bank_Ltd_,Equitas Small Finance Bank Limited,2.0,1.0986122886681098,0,1.0,0.6931471805599453,0,3.0,1.3862943611198906,0,3.888,1.586783221869294,-8.36039293253939,0,26.558,3.3162928745717113,-6.630883279836972,0,,1,0,0,0,0
Ethos_Ltd_,Ethos Limited,0.0,0.0,0,1.0,0.6931471805599453,0,13.0,2.6390573296152584,0,38.19,3.66842161221154,-2.5361159481328843,0,37.0878,3.6398940208807415,-2.564643539463683,0,,1,0,0,1,0
Euro_Pratik_Sales_Ltd_,Euro Pratik Sales Limited,1.0,0.6931471805599453,0,0.0,0.0,0,0.0,0.0,0,0.0,0.0,-5.616189110162875,0,0.0,0.0,-5.616189110162875,0,36.12,0,0,0,0,0
Excelsoft_Technologies_Ltd_,Excelsoft Technologies Limited,1.0,0.6931471805599453,0,0.0,0.0,0,3.0,1.3862943611198906,0,0.35,0.30010459245033805,-5.872305565271668,0,303.432,5.718447745298045,-0.4539624124239605,0,76.58,0,0,0,0,0
Exicom_Tele-Systems_Ltd_,Exicom Tele-Systems Limited,0.0,0.0,0,1.0,0.6931471805599453,0,7.0,2.0794415416798357,0,20.108,3.0496521155434215,-3.396718285818595,0,,,,1,,1,1,0,1,0
Exxaro_Tiles_Ltd_,Exxaro Tiles Limited,0.0,0.0,0,0.0,0.0,0,0.0,0.0,0,0.104,0.09893994785490356,-5.815400544831006,0,34.994,3.583352257899011,-2.330988234786899,0,,1,0,0,1,0
FSN_E-Commerce_Ventures_Ltd_,Nykaa,0.0,0.0,0,23.0,3.1780538303479458,0,12.0,2.5649493574615367,0,11.085,2.4919650141554466,-4.905890595771549,0,13.22,2.6546494243750947,-4.7432061855519,0,,1,0,0,0,0
Fabtech_Technologies_Ltd_,Fabtech Technologies Limited,5.0,1.791759469228055,0,0.0,0.0,0,4.0,1.6094379124341003,0,10.00532,2.398378792247635,-3.6597158371581098,0,32.562,3.51339447457897,-2.544700154826775,0,,1,0,0,1,0
Fedbank_Financial_Services_Ltd_,Fedbank Financial Services Limited,4.0,1.6094379124341003,0,1.0,0.6931471805599453,0,3.0,1.3862943611198906,0,0.466,0.38253760346445975,-8.76736356700388,0,0.695,0.5276827408324135,-8.622218429635927,0,,1,0,0,1,0
Fino_Payments_Bank_Ltd_,Fino Payments Bank Limited,0.0,0.0,0,2.0,1.0986122886681098,0,5.0,1.791759469228055,0,4.953,1.7838952941712531,-5.14479922082454,0,4.014,1.6122339997361017,-5.316460515259691,0,,1,0,0,1,0
Five-Star_Business_Finance_Ltd_,Five-Star Business Finance Limited,7.0,2.0794415416798357,0,0.0,0.0,0,0.0,0.0,0,0.0,0.0,-8.775325436586199,0,,,,1,,1,0,0,1,0
Flair_Writing_Industries_Ltd_,Flair Writing Industries Limited,0.0,0.0,0,8.0,2.1972245773362196,0,44.0,3.8066624897703196,0,8.756,2.2778824803536737,-4.3633519073446845,0,10.601,2.45109130129327,-4.190143086405088,0,,1,0,0,0,0
Fractal_Analytics_Ltd_,Fractal,3.0,1.3862943611198906,0,1.0,0.6931471805599453,0,19.0,2.995732273553991,0,88.2,4.490881039585964,-3.5042233357855723,0,10.2,2.4159137783010487,-5.579190597070488,0,,1,0,0,1,0
Fujiyama_Power_Systems_Ltd_,Fujiyama Power Systems Limited,0.0,0.0,0,0.0,0.0,0,1.0,0.6931471805599453,0,1.265,0.8175747589349973,-6.309219659776257,0,1.265,0.8175747589349973,-6.309219659776257,0,,1,0,0,1,0
Fusion_Micro_Finance_Ltd_,Fusion Micro Finance Limited,0.0,0.0,0,2.0,1.0986122886681098,0,0.0,0.0,0,0.135,0.126632650933366,-8.811405437646364,0,,,,1,,1,0,0,1,0
GK_Energy_Ltd_,GK Energy Limited,0.0,0.0,0,0.0,0.0,0,3.0,1.3862943611198906,0,0.346,0.29713723122253605,-5.0738728207189405,0,55.992,4.0429109071072515,-1.3280991448342254,0,,1,0,0,0,0
GNG_Electronics_Ltd_,GNG Electronics Limited,0.0,0.0,0,0.0,0.0,0,7.0,2.0794415416798357,0,917.3,6.822524134619476,0.24263423772310677,0,9.226,2.3249334966578075,-4.254956400238562,0,46.59,0,0,0,0,0
GPT_Healthcare_Ltd_,GPT Healthcare Limited,3.0,1.3862943611198906,0,0.0,0.0,0,0.0,0.0,0,29.231,3.408867887966375,-2.399544835767909,0,1.763,1.0163170459412794,-4.792095677793005,0,,1,0,0,1,0
GSP_Crop_Science_Ltd_,GSP Crop Science Limited,25.0,3.258096538021482,0,1.0,0.6931471805599453,0,43.0,3.784189633918261,0,53.327,3.995021340927315,-3.3133137994196593,0,35.64,3.6011405398059297,-3.7071946005410448,0,19.05,0,0,0,1,0
G_R_Infraprojects_Ltd_,G R Infraprojects Limited,5.0,1.791759469228055,0,3.0,1.3862943611198906,0,19.0,2.995732273553991,0,36.979,3.6370333753903257,-5.584944022979887,0,1013.399,6.922051597878059,-2.2999258004921534,0,,1,0,0,1,0
Gala_Precision_Engineering_Ltd_,Gala Precision Engineering Limited,0.0,0.0,0,0.0,0.0,0,7.0,2.0794415416798357,0,4.812,1.7599247457080365,-3.4854664150305954,0,9.838,2.3830584771439223,-2.8623326835947096,0,47.48,0,0,0,0,0
Gandhar_Oil_Refinery__India__Ltd_,Not disclosed,31.0,3.4657359027997265,0,16.0,2.833213344056216,0,53.0,3.9889840465642745,0,145.842,4.989357178802836,-2.504277391645128,0,277.292,5.6286709221610725,-1.8649636482868912,0,,1,0,0,0,0
Ganesh_Consumer_Products_Ltd_,Ganesh Consumer Products Limited,29.0,3.4011973816621555,0,9.0,2.302585092994046,0,23.0,3.1780538303479458,0,11.507,2.5262884875667697,-3.3106836546659335,0,14.021,2.7094492220159174,-3.127522920216786,0,,1,0,0,1,0
Garuda_Construction___Engineering_Ltd_,not disclosed,7.0,2.0794415416798357,0,3.0,1.3862943611198906,0,,,1,171.405,5.149846360129219,-0.31330724887175254,0,,,,1,96.97,0,0,0,0,0
Gaudium_IVF___Women_Health_Ltd_,Gaudium IVF and Women Health Limited,0.0,0.0,0,0.0,0.0,0,4.0,1.6094379124341003,0,385.973,5.95835492315406,1.279748419092786,0,309.103,5.736904500358221,1.0582979962969468,0,,1,0,0,0,0
Gem_Aromatics_Ltd_,Gem Aromatics Limited,0.0,0.0,0,1.0,0.6931471805599453,0,18.0,2.9444389791664403,0,40.14,3.716980884224811,-2.566257353238205,0,58.188,4.080718818640288,-2.202519418822728,0,56.06,0,0,0,0,0
Gland_Pharma_Ltd_,Gland Pharma Limited,0.0,0.0,0,7.0,2.0794415416798357,0,11.0,2.4849066497880004,0,9.551,2.356220642159955,-6.097451110714808,0,12.702,2.6175418075807073,-5.836129945294056,0,,1,0,0,0,0
Glenmark_Life_Sciences_Ltd_,Glenmark Life Sciences,6.0,1.9459101490553132,0,12.0,2.5649493574615367,0,4.0,1.6094379124341003,0,5.419,1.859262342329641,-5.740679656117316,0,2.216,1.16813835131672,-6.431803647130238,0,,1,0,0,0,0
Global_Health_Ltd_,Global Health Limited,18.0,2.9444389791664403,0,20.0,3.044522437723423,0,5.0,1.791759469228055,0,146.147,4.99143208711182,-3.0866171783342438,0,23.848,3.212777266406331,-4.865271999039733,0,,1,0,0,0,0
Global_Surfaces_Ltd_,Global Surfaces Limited,1.0,0.6931471805599453,0,0.0,0.0,0,23.0,3.1780538303479458,0,5.24,1.8309801823813363,-3.808085977555174,0,5.049,1.7998929691247771,-3.839173190811733,0,82.77,0,0,0,1,0
Globe_Civil_Projects_Ltd_,Globe Civil Projects Limited,1.0,0.6931471805599453,0,0.0,0.0,0,4.0,1.6094379124341003,0,17.086,2.8951381583182885,-3.0333865890158194,0,23.047,3.1800102486463335,-2.7485144986877743,0,,1,0,0,1,0
Glottis_Ltd_,Glottis Limited,0.0,0.0,0,0.0,0.0,0,1.0,0.6931471805599453,0,0.08,0.07696104113612832,-4.979921504125447,0,0.229,0.20620083058389777,-4.850681714677678,0,52.73,0,0,0,1,0
Go_Digit_General_Insurance_Ltd_,Go Digit General Insurance Limited,6.0,1.9459101490553132,0,10.0,2.3978952727983707,0,5.0,1.791759469228055,0,234.642,5.462313704140809,-2.7321779971892584,0,0.0,0.0,-8.194491701330067,0,,1,0,0,0,0
Go_Fashion__India__Ltd_,Go Fashion (India) Limited,0.0,0.0,0,0.0,0.0,0,20.0,3.044522437723423,0,1.749,1.0112372091831088,-5.264748168913987,0,4.778,1.7540576020440435,-4.521927776053052,0,,1,0,0,0,0
Godavari_Biorefineries_Ltd_,Godavari Biorefineries Limited,3.0,1.3862943611198906,0,1.0,0.6931471805599453,0,24.0,3.2188758248682006,0,132.839,4.8966375850427655,-2.4529918739316994,0,206.518,5.335218082896402,-2.014411376078063,0,57.0,0,0,0,0,0
Gopal_Snacks_Ltd_,Gopal Snacks Limited,3.0,1.3862943611198906,0,8.0,2.1972245773362196,0,9.0,2.302585092994046,0,45.412,3.837558046485299,-2.2390285940395054,0,45.432,3.8379888767017776,-2.238597763823027,0,,1,0,0,1,0
Gujarat_Kidney___Super_Speciality_Ltd_,Gujarat Kidney and Super Speciality Limited,0.0,0.0,0,0.0,0.0,0,17.0,2.8903717578961645,0,4.659,1.7332471981603867,-2.403358322776223,0,0.064,0.06203539091945264,-4.0745701300171575,0,,1,0,0,0,0
HDB_Financial_Services_Ltd_,HDB Financial Services Limited,475.0,6.16541785423142,0,31.0,3.4657359027997265,0,14.0,2.70805020110221,0,101.17,4.626638092603332,-6.969380407672582,0,787.74,6.670436735486621,-4.9255817647892925,0,,1,0,0,0,0
HMA_Agro_Industries_Ltd_,HMA Agro Industries Limited,3.0,1.3862943611198906,0,8.0,2.1972245773362196,0,5.0,1.791759469228055,0,17.1838,2.900531087809598,-3.8530351772772065,0,,,,1,38.55,0,0,0,0,0
HP_Adhesives_Ltd_,HP Adhesives Limited,0.0,0.0,0,0.0,0.0,0,7.0,2.0794415416798357,0,1.7897,1.0259340631701244,-3.636655613685453,0,2.0031,1.0996450884800595,-3.562944588375518,0,,1,0,0,0,0
Happiest_Minds_Technologies_Ltd_,Happiest Minds Technologies,0.0,0.0,0,0.0,0.0,0,0.0,0.0,0,3.77,1.56234630490025,-4.790422454530127,0,,,,1,,1,0,0,0,0
Happy_Forgings_Ltd_,Happy Forgings Limited,3.0,1.3862943611198906,0,0.0,0.0,0,24.0,3.2188758248682006,0,6.937,2.0715353701087387,-5.235532797496365,0,3.608,1.5277939233935902,-5.779274244211513,0,70.08,0,0,0,1,0
Hariom_Pipe_Industries_Ltd_,not disclosed,,,1,,,1,3.0,1.3862943611198906,0,6.0282,1.9499306275181196,-3.3794977340549703,0,6.02,1.9487632180377197,-3.38066514353537,0,60.74,0,0,0,0,0
Harsha_Engineers_International_Ltd_,Harsha Engineers International Limited,2.0,1.0986122886681098,0,4.0,1.6094379124341003,0,10.0,2.3978952727983707,0,54.489,4.016184802910332,-3.039343720361238,0,78.922,4.381051159052203,-2.674477364219367,0,,1,0,0,0,0
Heranba_Industries_Ltd_,Heranba Industries Limited,8.0,2.1972245773362196,0,,,1,7.0,2.0794415416798357,0,20.5137,3.068689941504297,-3.6022284590316276,0,47.3179,3.8778020924172343,-2.7931163081186905,0,,1,0,0,0,0
Hexagon_Nutrition_Ltd_,Hexagon Nutrition Limited,0.0,0.0,0,2.0,1.0986122886681098,0,6.0,1.9459101490553132,0,3.702,1.5479879501178777,-4.2468532554852905,0,6.572,2.0244572333470763,-3.770383972256092,0,45.87,0,1,0,1,0
Hexaware_Technologies_Ltd_,Hexaware Technologies Limited,1.0,0.6931471805599453,0,3.0,1.3862943611198906,0,15.0,2.772588722239781,0,724.4,6.586723226848802,-2.472235960040061,0,0.0,0.0,-9.058959186888863,0,35.5,0,0,0,0,0
Highway_Infrastructure_Ltd_,Highway Infrastructure Limited,1.0,0.6931471805599453,0,0.0,0.0,0,3.0,1.3862943611198906,0,3.244,1.4455062207517368,-4.003642035498884,0,79.602,4.389523463100504,-1.0596247931501166,0,,1,0,0,0,0
Home_First_Finance_Co_India_Ltd_,not disclosed,1.0,0.6931471805599453,0,5.0,1.791759469228055,0,1.0,0.6931471805599453,0,0.539,0.4311328548567422,-7.791205937691285,0,,,,1,,1,0,0,1,0
Honasa_Consumer_Ltd_,Honasa Consumer Limited,0.0,0.0,0,0.0,0.0,0,4.0,1.6094379124341003,0,201.746,5.311953964070946,-1.643667242581813,0,,,,1,,1,0,0,1,0
Hyundai_Motor_India_Ltd_,Hyundai Motor India Limited,4.0,1.6094379124341003,0,2.0,1.0986122886681098,0,136.0,4.919980925828125,0,6242.399,8.739280024600458,-1.4020915034243835,0,,,,1,,1,0,0,1,0
ICICI_Prudential_Asset_Management_Co_Ltd_,ICICI Prudential Asset Management Company Limited,476.0,6.1675164908883415,0,11.0,2.4849066497880004,0,12.0,2.5649493574615367,0,163.8,5.1047326174753715,-3.3775253847977114,0,14.38,2.733067964077498,-5.749190038195585,0,,1,0,0,1,0
IKIO_Lighting_Ltd_,IKIO Lighting Limited,0.0,0.0,0,0.0,0.0,0,1.0,0.6931471805599453,0,251.0,5.529429087511423,-0.2891690615733591,0,2.51,1.2556160374777743,-4.562982111607008,0,98.8,0,0,0,0,0
IRM_Energy_Ltd_,IRM Energy Limited,4.0,1.6094379124341003,0,40.0,3.713572066704308,0,10.0,2.3978952727983707,0,0.299,0.2615947376884625,-6.47086623543321,0,239.685,5.483489024608693,-1.2489719485129793,0,,1,0,0,0,0
Indegene_Ltd_,Indegene Limited,5.0,1.791759469228055,0,0.0,0.0,0,9.0,2.302585092994046,0,16.6,2.8678989020441064,-4.963777919975086,0,0.695,0.5276827408324135,-7.3039940811867785,0,67.0,0,0,0,1,0
IndiaMART_InterMESH_Ltd_,IndiaMART,8.0,2.1972245773362196,0,3.0,1.3862943611198906,0,9.0,2.302585092994046,0,43.159,3.7877967567849034,-0.6295970217262692,0,,,,1,,1,0,0,1,0
India_Pesticides_Ltd_,India Pesticides Limited,14.0,2.70805020110221,0,5.0,1.791759469228055,0,1.0,0.6931471805599453,0,0.09,0.08617769624105233,-6.163913369426471,0,0.0,0.0,-6.250091065667523,0,56.83,0,0,0,0,0
India_Shelter_Finance_Corp_Ltd_,India Shelter Finance Corporation Limited,3.0,1.3862943611198906,0,0.0,0.0,0,3.0,1.3862943611198906,0,6.725,2.044461822783809,-6.423473895291071,0,331.284,5.805990024938621,-2.661945693136259,0,,1,0,0,0,0
Indian_Railway_Catering___Tourism_Corp_Ltd_,IRCTC,9.0,2.302585092994046,0,0.0,0.0,0,95.0,4.564348191467836,0,623.309,6.4366454381098706,-1.4207502388279263,0,166.792,5.122725117092049,-2.734670559845748,0,,1,0,0,1,0
Indian_Railway_Finance_Corp_Ltd_,Indian Railway Finance Corporation Limited,0.0,0.0,0,0.0,0.0,0,2.0,1.0986122886681098,0,2654.713,7.884468447528806,0.02707277059100921,0,,,,1,,1,0,0,1,0
Indian_Renewable_Energy_Development_Agency_Ltd_,Indian Renewable Energy Development Agency Limited,35.0,3.58351893845611,0,4.0,1.6094379124341003,0,0.0,0.0,0,84.113,4.443979785369595,-6.399697821449835,0,1099.635,7.00364256495593,-3.8400350418634996,0,,1,0,0,1,0
Indigo_Paints_Ltd_,Indigo Paints Limited,0.0,0.0,0,1.0,0.6931471805599453,0,13.0,2.6390573296152584,0,52.976,3.988539503325124,-2.0331874819097457,0,31.586,3.483882748280763,-2.5378442369541068,0,,1,0,0,1,0
Indiqube_Spaces_Ltd_,Indiqube Spaces Limited,8.0,2.1972245773362196,0,3.0,1.3862943611198906,0,6.0,1.9459101490553132,0,0.041,0.04018178963283183,-8.412178437301646,0,,,,1,18.22,0,0,0,1,0
Indo_Farm_Equipment_Ltd_,Indo Farm Equipment Limited,6.0,1.9459101490553132,0,1.0,0.6931471805599453,0,1.0,0.6931471805599453,0,4.602,1.7231236768379168,-4.746545157018534,0,20.034,3.0461401760978366,-3.4235286577586144,0,23.13,0,0,0,0,0
Indogulf_Cropsciences_Ltd_,Indogulf Cropsciences Limited,5.0,1.791759469228055,0,2.0,1.0986122886681098,0,21.0,3.091042453358316,0,22.429,3.1539745712845026,-3.2409697811883267,0,38.113,3.6664548925502354,-2.728489459922594,0,,1,0,0,0,0
Innova_Captab_Ltd_,Innova Captab Limited,20.0,3.044522437723423,0,19.0,2.995732273553991,0,36.0,3.6109179126442243,0,199.815,5.302384086222798,-1.6889399841786572,0,245.06,5.505575408632023,-1.4857486617694322,0,,1,0,0,1,0
Innovision_Ltd_,Innovision Limited,0.0,0.0,0,81.0,4.406719247264253,0,0.0,0.0,0,0.572,0.4523486940070148,-5.155876903750968,0,43.843,3.803167500515459,-1.8050580972425245,0,80.43,0,0,0,1,0
Inox_Green_Energy_Services_Ltd_,Inox Green Energy Services Limited,115.0,4.7535901911063645,0,21.0,3.091042453358316,0,12.0,2.5649493574615367,0,316.693,5.761085507667922,-1.902200026705458,0,236.848,5.471631814182016,-2.191653720191364,0,,1,0,0,1,0
Inox_India_Ltd_,INOX India Limited,20.0,3.044522437723423,0,4.0,1.6094379124341003,0,11.0,2.4849066497880004,0,38.676,3.680746470883747,-3.372675025020042,0,169.717,5.1400072147654905,-1.9134142811382988,0,46.52,0,0,0,0,0
Interarch_Building_Products_Ltd_,Interarch Building Products Limited,5.0,1.791759469228055,0,38.0,3.6635616461296463,0,42.0,3.7612001156935624,0,29.907,3.4309826954648477,-3.1970719081404297,0,,,,1,,1,0,0,1,0
International_Gemmological_Institute__India__Ltd_,IGI,0.0,0.0,0,3.0,1.3862943611198906,0,6.0,1.9459101490553132,0,5.166,1.8190503294639586,-4.8358750878336085,0,,,,1,40.69,0,0,0,1,0
Inventurus_Knowledge_Solutions_Ltd_,Inventurus Knowledge Solutions Limited,0.0,0.0,0,5.0,1.791759469228055,0,6.0,1.9459101490553132,0,24.965,3.256749477296282,-4.67759205203531,0,4.652,1.732009464822281,-6.202332064509311,0,43.66,0,0,0,1,0
Ivalue_Infosolutions_Ltd_,Ivalue Infosolutions Limited,1.0,0.6931471805599453,0,0.0,0.0,0,10.0,2.3978952727983707,0,10.81,2.468946630209271,-4.590387452732289,0,10.681,2.457963590173559,-4.601370492768002,0,,1,0,0,1,0
JNK_India_Ltd_,JNK India Limited,0.0,0.0,0,0.0,0.0,0,3.0,1.3862943611198906,0,0.256,0.22793206804600694,-5.891023792076522,0,0.228,0.20538682972495073,-5.9135690303975785,0,,1,0,0,0,0
JSW_Cement_Ltd_,JSW Cement Limited,0.0,0.0,0,14.0,2.70805020110221,0,64.0,4.174387269895637,0,173.515,5.162010697833529,-4.231062812891801,0,111.331,4.721449869955168,-4.671623640770162,0,,1,1,0,0,0
JSW_Infrastructure_Ltd_,JSW Infrastructure Limited,1.0,0.6931471805599453,0,4.0,1.6094379124341003,0,28.0,3.367295829986474,0,204.128,5.3236341745318265,-3.830311491904971,0,36.615,3.627402907012185,-5.526542759424613,0,58.12,0,0,0,0,0
J_G_Chemicals_Ltd_,J.G. Chemicals Limited,0.0,0.0,0,0.0,0.0,0,0.0,0.0,0,,,,1,1.748,1.0108733743601028,-4.595884117724224,0,76.09,0,0,0,0,0
Jain_Resource_Recycling_Ltd_,Jain Resource Recycling Limited,7.0,2.0794415416798357,0,3.0,1.3862943611198906,0,23.0,3.1780538303479458,0,28.797,3.3944077173027396,-4.121612007174024,0,21.74,3.12412548832239,-4.391894236154374,0,58.4,0,0,0,0,0
Jana_Small_Finance_Bank_Ltd_,Jana Small Finance Bank Limited,19.0,2.995732273553991,0,1.0,0.6931471805599453,0,25.0,3.258096538021482,0,92.713,4.540236920282467,-5.7035323891437955,0,103.658,4.650697891264053,-5.59307141816221,0,,1,1,0,1,0
Jaro_Institute_of_Technology_Management___Research_Ltd_,Jaro Institute of Technology Management and Research Limited,0.0,0.0,0,0.0,0.0,0,2.0,1.0986122886681098,0,9.725,2.3725774648140807,-2.939445548790068,0,9.725,2.3725774648140807,-2.939445548790068,0,81.38,0,0,0,1,0
Jinkushal_Industries_Ltd_,Jinkushal Industries Limited,0.0,0.0,0,0.0,0.0,0,4.0,1.6094379124341003,0,2.043,1.112843870914834,-4.082055536434714,0,1.918,1.0708984501005938,-4.124000957248954,0,84.8,0,0,0,0,0
Juniper_Hotels_Ltd_,Juniper Hotels Limited,7.0,2.0794415416798357,0,4.0,1.6094379124341003,0,50.0,3.9318256327243257,0,57.132,4.062716286763924,-4.190206624891181,0,28.076,3.369913091622389,-4.883009820032716,0,,1,0,0,1,0
Jupiter_Life_Line_Hospitals_Ltd_,Jupiter Life Line Hospitals Limited,0.0,0.0,0,1.0,0.6931471805599453,0,1.0,0.6931471805599453,0,1506.8,7.3184069137776016,0.42421317823500093,0,5.036,1.7977415409056023,-5.096452194636998,0,,1,0,0,0,0
Jyoti_CNC_Automation_Ltd_,Jyoti CNC Automation Limited,1.0,0.6931471805599453,0,0.0,0.0,0,23.0,3.1780538303479458,0,46.037,3.850934526046423,-3.5915992035229287,0,259.106,5.561089240239292,-1.8814444893300593,0,20.08,0,1,0,1,0
KFin_Technologies_Ltd_,KFin Technologies Limited,4.0,1.6094379124341003,0,1.0,0.6931471805599453,0,8.0,2.1972245773362196,0,3.485,1.5007384955107594,-5.516597382040111,0,9.353,2.337276332783976,-4.680059544766895,0,,1,0,0,1,0
KRN_Heat_Exchanger___Refrigeration_Ltd_,KRN Heat Exchanger and Refrigeration Limited,,,1,,,1,,,1,,,,1,21.8991,3.1310976084778335,-1.8779364042514488,0,72.31,0,0,0,0,0
KSH_International_Ltd_,KSH International Private Limited,1.0,0.6931471805599453,0,0.0,0.0,0,0.0,0.0,0,0.0,0.0,-6.677436043918831,0,3.492,1.5022980368761967,-5.1751380070426345,0,52.54,0,0,0,0,0
Kalpataru_Ltd_,Kalpataru Limited,17.0,2.8903717578961645,0,9.0,2.302585092994046,0,109.0,4.700480365792417,0,625.164,6.439612317619784,-3.213061752569641,0,333.68,5.813174851427398,-3.839499218762027,0,,1,1,0,1,0
Kalyan_Jewellers_India_Ltd_,Kalyan Jewellers India Limited,5.0,1.791759469228055,0,14.0,2.70805020110221,0,36.0,3.6109179126442243,0,451.968,6.115821482811299,-2.8867552089674895,0,1208.841,7.098244224997721,-1.9043324667810673,0,,1,1,0,1,0
Kaynes_Technology_India_Ltd_,Kaynes Technology India Limited,0.0,0.0,0,0.0,0.0,0,19.0,2.995732273553991,0,7.693,2.162518104096927,-4.476389941311997,0,97.009,4.585059311188531,-2.0538487342203933,0,51.02,0,0,0,1,0
Keystone_Realtors_Ltd_,Keystone Realtors Limited,6.0,1.9459101490553132,0,17.0,2.8903717578961645,0,46.0,3.8501476017100584,0,744.245,6.613713023377674,-1.6578737040046807,0,158.386,5.0713289331387905,-3.200257794243564,0,,1,1,0,1,0
Knack_Packaging_Ltd_,Knack Packaging Limited,0.0,0.0,0,0.0,0.0,0,4.0,1.6094379124341003,0,4.755,1.7500690421738458,-4.640591000028706,0,31.484,3.4807476604201644,-2.909912381782387,0,40.87,0,0,0,1,0
Krishna_Institute_of_Medical_Sciences_Ltd_,Krishna Institute of Medical Sciences Limited,7.0,2.0794415416798357,0,0.0,0.0,0,11.0,2.4849066497880004,0,36.19,3.6160399079369787,-3.6543773568280136,0,,,,1,,1,0,0,0,0
Kronox_Lab_Sciences_Ltd_,Kronox Lab Sciences Limited,,,1,,,1,,,1,,,,1,,,,1,50.68,0,0,0,0,0
Kross_Ltd_,Kross Limited,0.0,0.0,0,0.0,0.0,0,8.0,2.1972245773362196,0,7.243,2.1093643553310906,-3.757103701602206,0,38.794,3.6837161471570563,-2.1827519097762402,0,,1,0,0,0,0
Krsnaa_Diagnostics_Ltd_,Krsnaa Diagnostics Limited,,,1,,,1,,,1,,,,1,3.65,1.536867219599265,-4.86923688799642,0,,1,0,0,0,0
Krystal_Integrated_Services_Ltd_,Krystal Integrated Services Limited,0.0,0.0,0,2.0,1.0986122886681098,0,15.0,2.772588722239781,0,30.121,3.4378828324700077,-2.6732074958398435,0,42.268,3.767413331768043,-2.343676996541808,0,72.58,0,0,0,1,0
LG_Electronics_India_Ltd_,LG Electronics India Limited,10.0,2.3978952727983707,0,24.0,3.2188758248682006,0,192.0,5.262690188904886,0,4744.147,8.464877690543084,-0.8867399967895597,0,3004.643,8.008246800785049,-1.3433708865475946,0,,1,0,0,1,0
Landmark_Cars_Ltd_,Landmark Cars Limited,13.0,2.6390573296152584,0,1.0,0.6931471805599453,0,29.0,3.4011973816621555,0,81.044,4.4072556887196574,-2.6914256882523535,0,281.935,5.6452171892834935,-1.4534641876885175,0,,1,0,0,0,0
Latent_View_Analytics_Ltd_,LatentView Analytics Limited,0.0,0.0,0,0.0,0.0,0,1.0,0.6931471805599453,0,0.309,0.26926348692776286,-6.109179674508393,0,,,,1,,1,0,0,1,0
Laxmi_Dental_Ltd_,Laxmi Dental Limited,7.0,2.0794415416798357,0,0.0,0.0,0,3.0,1.3862943611198906,0,5.023,1.795585474061584,-3.2747014195988484,0,0.707,0.5347374438123036,-4.535549449848128,0,,1,0,0,1,0
Laxmi_India_Finance_Ltd_,Laxmi India Finance Limited,2.0,1.0986122886681098,0,0.0,0.0,0,5.0,1.791759469228055,0,2.289,1.19058356720692,-6.063254759101475,0,0.009,0.008959741371471904,-7.244878584936923,0,,1,0,0,1,0
Laxmi_Organic_Industries_Ltd_,Laxmi Organic Industries Limited,6.0,1.9459101490553132,0,0.0,0.0,0,10.0,2.3978952727983707,0,27.38,3.3456846717318967,-3.5994916249997417,0,,,,1,,1,0,0,2,1
Le_Travenues_Technology_Ltd_,not disclosed,2.0,1.0986122886681098,0,0.0,0.0,0,3.0,1.3862943611198906,0,5.176,1.820670812722475,-4.700995423894998,0,,,,1,,1,0,0,1,0
Lenskart_Solutions_Ltd_,Lenskart Solutions Limited,17.0,2.8903717578961645,0,2.0,1.0986122886681098,0,41.0,3.7376696182833684,0,151.727,5.028652013883054,-4.262962307477409,0,77.52,4.3633533694082605,-4.928260951952202,0,,1,0,0,1,0
Life_Insurance_Corp_of_India,Life Insurance Corporation of India,37.0,3.6375861597263857,0,1.0,0.6931471805599453,0,67.0,4.219507705176107,0,74894.696,11.223851704569855,-0.3274528695042971,0,29406.751,10.289013558035782,-1.26229101603837,0,,1,1,0,1,0
Likhitha_Infrastructure_Ltd_,Likhitha Infrastructure Limited,,,1,,,1,8.0,2.1972245773362196,0,20.144,3.051356177301988,-1.5722431441544704,0,,,,1,,1,0,0,0,0
MSTC_Ltd_,MSTC LIMITED,10.0,2.3978952727983707,0,0.0,0.0,0,54.0,4.007333185232471,0,935.135,6.841759696846565,-1.5147082495752597,0,296.82,5.696489277162059,-2.6599786692597656,0,,1,0,0,0,0
MTAR_Technologies_Ltd_,MTAR Technologies Limited,0.0,0.0,0,2.0,1.0986122886681098,0,2.0,1.0986122886681098,0,3.679,1.5430844118840792,-4.404715562737639,0,,,,1,,1,0,0,1,0
M_B_Engineering_Ltd_,M&B Engineering Limited,0.0,0.0,0,0.0,0.0,0,27.0,3.332204510175204,0,90.029,4.511178137067425,-2.234305240726461,0,103.31,4.64736723468788,-2.0981161431060062,0,54.89,0,0,0,1,0
Macrotech_Developers_Ltd_,Lodha Developers Limited,31.0,3.4657359027997265,0,3.0,1.3862943611198906,0,9.0,2.302585092994046,0,8859.462,9.089354186709176,-1.5220612712875923,0,782.169,6.6633485092276326,-3.948066948769136,0,,1,0,0,1,0
Mamata_Machinery_Ltd_,Mamata Machinery Limited,0.0,0.0,0,0.0,0.0,0,9.0,2.302585092994046,0,3.31,1.4609379041156565,-4.027379795153336,0,,,,1,31.69,0,0,0,0,0
Manaksia_Ltd_,Manaksia Limited,1.0,0.6931471805599453,0,0.0,0.0,0,76.0,4.343805421853684,0,14.095,2.7143635631588023,,0,14.095,2.7143635631588023,,0,,1,0,0,0,0
Manba_Finance_Ltd_,Manba Finance Limited,0.0,0.0,0,0.0,0.0,0,7.0,2.0794415416798357,0,2.2646,1.1831372437377976,-5.6990437841249095,0,2.2646,1.1831372437377976,-5.6990437841249095,0,,1,0,0,1,0
Mangal_Electrical_Industries_Ltd_,Mangal Electrical Industries Limited,0.0,0.0,0,0.0,0.0,0,3.0,1.3862943611198906,0,17.614,2.9239139857635186,-2.9827004834280704,0,,,,1,49.94,0,0,0,0,0
Mankind_Pharma_Ltd_,Mankind Pharma Limited,0.0,0.0,0,97.0,4.584967478670572,0,28.0,3.367295829986474,0,52.727,3.983915668452712,-5.151135264481756,0,68.162,4.236451578846931,-4.898599354087536,0,,1,0,0,1,0
Manoj_Vaibhav_Gems__N__Jewellers_Ltd_,Vaibhav Gems ‘N’ Jewellers,,,1,,,1,,,1,,,,1,7.876,2.1833510050703477,-4.804896111480624,0,,1,0,0,1,0
Mazagon_Dock_Shipbuilders_Ltd_,not disclosed,6.0,1.9459101490553132,0,2.0,1.0986122886681098,0,81.0,4.406719247264253,0,1457.093,7.284884696542593,-2.665821786421481,0,,,,1,,1,0,0,1,0
Medi_Assist_Healthcare_Services_Ltd_,Medi Assist Healthcare Services Limited,3.0,1.3862943611198906,0,8.0,2.1972245773362196,0,10.0,2.3978952727983707,0,60.324,4.116171283448208,-2.5729552371868527,0,57.081,4.061838587999173,-2.6272879326358876,0,,1,0,0,2,1
Medplus_Health_Services_Ltd_,MedPlus Health Services Limited,0.0,0.0,0,21.0,3.091042453358316,0,12.0,2.5649493574615367,0,35.386,3.594184085274612,-3.8717516663563214,0,12.004,2.5652570024416588,-4.900678749189275,0,,1,0,0,0,0
Meesho_Ltd_,Meesho,6.0,1.9459101490553132,0,4.0,1.6094379124341003,0,5.0,1.791759469228055,0,588.243,6.37883866223783,-2.4222378956740416,0,593.56,6.387821636185419,-2.4132549217264527,0,,1,0,0,1,0
Metro_Brands_Ltd_,Metro Brands Limited,8.0,2.1972245773362196,0,58.0,4.07753744390572,0,12.0,2.5649493574615367,0,14.062,2.71217501567916,-4.749815889805102,0,7.758,2.1699675683792066,-5.292023337105055,0,,1,0,0,0,0
Metropolis_Healthcare_Ltd_,Metropolis Healthcare Limited,22.0,3.1354942159291497,0,5.0,1.791759469228055,0,6.0,1.9459101490553132,0,5.015,1.7942563494266421,-4.577150348558418,0,13.195,2.6528897899249344,-3.718516908060126,0,,1,0,0,1,0
Midwest_Ltd_,Midwest Limited,2.0,1.0986122886681098,0,11.0,2.4849066497880004,0,17.0,2.8903717578961645,0,97.517,4.590229122118791,-2.3980087677652673,0,140.738,4.953980282939677,-2.034257606944382,0,51.21,0,1,0,1,0
Motisons_Jewellers_Ltd_,Motisons Jewellers Limited,0.0,0.0,0,1.0,0.6931471805599453,0,20.0,3.044522437723423,0,113.451,4.740146783800334,-1.1152975618805359,0,113.451,4.740146783800334,-1.1152975618805359,0,,1,0,0,0,0
Mrs_Bectors_Food_Specialities_Ltd_,Mrs. Bectors Food Specialities Limited,4.0,1.6094379124341003,0,7.0,2.0794415416798357,0,20.0,3.044522437723423,0,7.326,2.1193831487727834,-4.293633087457301,0,12.669,2.615130495170516,-3.7978857410595683,0,,1,0,0,0,0
Mukka_Proteins_Ltd_,Mukka Proteins Limited,3.0,1.3862943611198906,0,2.0,1.0986122886681098,0,3.0,1.3862943611198906,0,5.426401,1.86041466148557,-4.604453976738769,0,65.037,4.190215191006159,-2.2746534472181805,0,69.04,0,0,0,0,0
Muthoot_Microfin_Ltd_,Muthoot Microfin Limited,11.0,2.4849066497880004,0,3.0,1.3862943611198906,0,0.0,0.0,0,,,,1,519.622,6.255024250599583,-2.7963438362701254,0,,1,0,0,1,0
NTPC_Green_Energy_Ltd_,NTPC Green Energy Limited,0.0,0.0,0,3.0,1.3862943611198906,0,0.0,0.0,0,48.0,3.8918202981106265,-6.4943803995195815,0,,,,1,,1,0,0,1,0
National_Securities_Depository_Ltd_,National Securities Depository Limited,6.0,1.9459101490553132,0,4.0,1.6094379124341003,0,0.0,0.0,0,319.686,5.770462451240455,-2.231173942033891,0,125.272,4.83843831040015,-3.163198082874196,0,,1,0,0,0,0
Nazara_Technologies_Ltd_,Nazara Technologies Limited,,,1,,,1,1.0,0.6931471805599453,0,,,,1,,,,1,,1,0,0,0,0
Neogen_Chemicals_Ltd_,Neogen Chemicals Limited,3.0,1.3862943611198906,0,0.0,0.0,0,7.0,2.0794415416798357,0,0.716,0.5399960010657705,-4.933995879554427,0,6.642,2.0336593490247084,-3.4403325315954896,0,44.45,0,0,0,0,0
Nephrocare_Health_Services_Ltd_,Nephrocare Health Services Limited,2.0,1.0986122886681098,0,1.0,0.6931471805599453,0,9.0,2.302585092994046,0,7.138,2.0965444495794983,-4.989089196499219,0,,,,1,,1,0,0,1,0
Netweb_Technologies_India_Ltd_,Netweb Technologies,0.0,0.0,0,0.0,0.0,0,1.0,0.6931471805599453,0,0.982,0.6841064359077962,-4.902954939038399,0,27.679,3.356165147620047,-2.230896227326148,0,57.8,0,0,0,0,0
Niva_Bupa_Health_Insurance_Co_Ltd_,Niva Bupa Health Insurance Company Limited,5.0,1.791759469228055,0,0.0,0.0,0,29.0,3.4011973816621555,0,215.54,5.377775287882752,-3.408384937050398,0,100.702,4.62204696854453,-4.16411325638862,0,,1,0,0,1,0
Northern_Arc_Capital_Ltd_,Northern Arc Capital Limited,0.0,0.0,0,1.0,0.6931471805599453,0,4.0,1.6094379124341003,0,14.965,2.7703988261667454,-6.597685191767855,0,121.034,4.804299694431413,-4.563784323503188,0,,1,0,0,1,0
Nova_AgriTech_Ltd_,Nova Agritech Limited,1.0,0.6931471805599453,0,0.0,0.0,0,1.0,0.6931471805599453,0,0.6188,0.48168513401957347,-4.8033950057464425,0,10.7089,2.4603492363911394,-2.824730903374877,0,,1,0,0,0,0
Nureca_Ltd_,Nureca Limited,,,1,,,1,,,1,,,,1,,,,1,,1,0,0,1,0
Nuvoco_Vistas_Corp_Ltd_,Nuvoco Vistas Corporation Limited,387.0,5.961005339623274,0,426.0,6.056784013228625,0,221.0,5.402677381872279,0,1387.404,7.235910164997598,-2.6629954062768135,0,1948.101,7.575123519611772,-2.32378205166264,0,,1,0,0,0,0
Ola_Electric_Mobility_Ltd_,Ola Electric Mobility Limited,5.0,1.791759469228055,0,1.0,0.6931471805599453,0,1.0,0.6931471805599453,0,0.0,0.0,-8.95369303469461,0,0.0,0.0,-8.95369303469461,0,,1,0,0,1,0
Om_Freight_Forwarders_Ltd_,Om Freight Forwarders Limited,1.0,0.6931471805599453,0,8.0,2.1972245773362196,0,26.0,3.295836866004329,0,4.138,1.6366638986876918,-4.109603187574664,0,11.543,2.5291627410425375,-3.2171043452198185,0,40.39,0,0,0,0,0
Om_Power_Transmission_Ltd_,Om Power Transmission,0.0,0.0,0,0.0,0.0,0,7.0,2.0794415416798357,0,16.833,2.881050673470376,-2.603995191689821,0,1.6818,0.9864882108634047,-4.498557654296793,0,95.68,0,0,0,0,0
Omnitech_Engineering_Ltd_,Not stated,0.0,0.0,0,0.0,0.0,0,2.0,1.0986122886681098,0,0.204,0.1856493468866293,-6.457684553218279,0,0.204,0.1856493468866293,-6.457684553218279,0,47.87,0,0,0,0,0
OnEMI_Technology_Solutions_Ltd_,OnEMI Technology Solutions Limited,2.0,1.0986122886681098,0,1.0,0.6931471805599453,0,15.0,2.772588722239781,0,20.797,3.0817723456463755,-5.098486902578572,0,1793.486,7.4924739089411805,-0.6877853392837672,0,,1,0,0,0,0
One_97_Communications_Ltd_,Paytm,25.0,3.258096538021482,0,3.0,1.3862943611198906,0,40.0,3.713572066704308,0,3788.69,8.240039500535893,-0.9147881615100317,0,49.2,3.9160150266976834,-5.238812635348241,0,,1,0,0,1,0
One_Mobikwik_Systems_Ltd_,MobiKwik,5.0,1.791759469228055,0,0.0,0.0,0,15.0,2.772588722239781,0,170.196,5.142809098948707,-1.6696460001791058,0,0.597,0.4681268692328754,-6.344328229894937,0,,1,0,0,2,1
Orient_Technologies_Ltd_,not stated in provided section,0.0,0.0,0,0.0,0.0,0,6.0,1.9459101490553132,0,13.241,2.656125128237291,-3.0873266768771166,0,20.592,3.0723228757157033,-2.671128929398704,0,38.11,0,0,0,0,0
Orkla_India_Ltd_,Orkla India Limited,3.0,1.3862943611198906,0,128.0,4.859812404361672,0,49.0,3.912023005428146,0,153.25,5.038574662785497,-3.0194994471869423,0,127.8,4.858260813670253,-3.199813296302186,0,,1,0,0,1,0
Oswal_Pumps_Ltd_,Oswal Pumps Limited,0.0,0.0,0,5.0,1.791759469228055,0,1.0,0.6931471805599453,0,0.017,0.0168571170664229,-6.983486458937541,0,,,,1,79.5,0,0,0,1,0
PB_Fintech_Ltd_,PB Fintech Limited,6.0,1.9459101490553132,0,1.0,0.6931471805599453,0,1.0,0.6931471805599453,0,43.876,3.803903130682718,-3.9279881168024513,0,24.544,3.240402455412481,-4.491488792072689,0,,1,0,0,1,0
PNGS_Reva_Diamond_Jewellery_Ltd_,PNGS Reva Diamond Jewellery Limited,0.0,0.0,0,0.0,0.0,0,0.0,0.0,0,0.0,0.0,-5.868449096211435,0,,,,1,,1,0,0,0,0
P_N_Gadgil_Jewellers_Ltd_,P N Gadgil Jewellers Limited,2.0,1.0986122886681098,0,1.0,0.6931471805599453,0,6.0,1.9459101490553132,0,17.641,2.9253634558871084,-4.364915783901625,0,7.356,2.1229798436943192,-5.167299396094414,0,,1,0,0,0,0
Pace_Digitek_Ltd_,Pace Digitek Limited,4.0,1.6094379124341003,0,2.0,1.0986122886681098,0,33.0,3.5263605246161616,0,54.989,4.025155242869102,-3.8571445816576224,0,55.46,4.033532422825343,-3.848767401701382,0,96.25,0,0,0,1,0
Paradeep_Phosphates_Ltd_,Paradeep Phosphates Limited,141.0,4.955827057601261,0,7.0,2.0794415416798357,0,53.0,3.9889840465642745,0,416.085,6.033290037957332,-2.846776646636263,0,270.416,5.603652699237135,-3.2764139853564602,0,,1,1,0,1,0
Paras_Defence___Space_Technologies_Ltd_,not disclosed,0.0,0.0,0,0.0,0.0,0,12.0,2.5649493574615367,0,1.007,0.696641069814201,-5.199853239702554,0,,,,1,,1,0,0,1,0
Park_Medi_World_Ltd_,Park Medi World Limited,8.0,2.1972245773362196,0,6.0,1.9459101490553132,0,23.0,3.1780538303479458,0,134.494,4.908927358896543,-2.8412266564813855,0,134.5,4.908971640319756,-2.841182375058173,0,,1,0,0,1,0
Patel_Retail_Ltd_,Patel Retail Limited,17.0,2.8903717578961645,0,0.0,0.0,0,14.0,2.70805020110221,0,14.6355,2.749543969931569,-3.2007339328461635,0,0.678,0.5176026080450145,-5.432675294732718,0,,1,0,0,0,0
PhysicsWallah_Ltd_,Physics Wallah Limited,4.0,1.6094379124341003,0,1.0,0.6931471805599453,0,9.0,2.302585092994046,0,104.495,4.658663558428091,-3.873747255391609,0,12.307,2.5882902125616054,-5.944120601258095,0,,1,1,0,1,0
Pine_Labs_Ltd_,Pine Labs Limited,0.0,0.0,0,0.0,0.0,0,14.0,2.70805020110221,0,2925.474,7.981553564358989,-1.315452458183663,0,331.04,5.805255443586835,-3.491750578955817,0,30.95,0,0,0,1,0
Platinum_Industries_Ltd_,Platinum Industries Limited,0.0,0.0,0,10.0,2.3978952727983707,0,0.0,0.0,0,0.911,0.647626665258136,-4.284830847774096,0,4.32,1.6714733033535532,-3.260984209678679,0,86.49,0,0,0,0,0
Plaza_Wires_Ltd_,,1.0,0.6931471805599453,0,1.0,0.6931471805599453,0,0.0,0.0,0,0.116,0.1097508639591192,-4.618521519162956,0,2.231,1.1727916868423611,-3.555480696279714,0,,1,0,0,0,0
Polycab_India_Ltd_,Polycab India Limited,13.0,2.6390573296152584,0,2.0,1.0986122886681098,0,48.0,3.8918202981106265,0,138.767,4.939976750433023,-3.6517504652209984,0,601.94,6.401817689288922,-2.189909526365099,0,,1,0,0,1,0
Popular_Vehicles___Services_Ltd_,Popular Vehicles and Services Limited,12.0,2.5649493574615367,0,40.0,3.713572066704308,0,137.0,4.927253685157205,0,278.067,5.631451896360738,-1.94042331963744,0,,,,1,,1,0,0,1,0
Powerica_Ltd_,Powerica Limited,0.0,0.0,0,4.0,1.6094379124341003,0,15.0,2.772588722239781,0,44.71,3.822317092343653,-4.09000715935794,0,40.57,3.727378753264546,-4.184945498437047,0,,1,0,0,0,0
Precision_Pipes___Profiles_Co_Ltd_,PRECISION PIPES AND PROFILES COMPANY LIMITED,0.0,0.0,0,5.0,1.791759469228055,0,4.0,1.6094379124341003,0,0.2458,0.21977789383790808,,0,4.3187,1.6712289125903075,,0,,1,0,0,0,0
Premier_Energies_Ltd_,Premier Energies Limited,0.0,0.0,0,0.0,0.0,0,11.0,2.4849066497880004,0,10.74,2.4630018143999504,-5.762902808970395,0,3255.469,8.088398758518453,-0.1375058648518923,0,67.03,0,0,0,0,0
Prince_Pipes___Fittings_Ltd_,Prince Pipes and Fittings Limited,2.0,1.0986122886681098,0,7.0,2.0794415416798357,0,10.0,2.3978952727983707,0,2.592,1.2787091504399533,-5.644387840341382,0,72.133,4.292279701277492,-2.6308172895038435,0,,1,0,0,0,0
Prostarm_Info_Systems_Ltd_,Prostarm Info Systems Limited,0.0,0.0,0,2.0,1.0986122886681098,0,22.0,3.1354942159291497,0,26.4628,3.3128323616383177,-2.1297584940661434,0,25.756,3.2867587472561617,-2.1558321084482994,0,51.88,0,0,0,0,0
Protean_eGov_Technologies_Ltd_,Protean eGov Technologies Limited,0.0,0.0,0,1.0,0.6931471805599453,0,79.0,4.382026634673881,0,182.123,5.210158058209985,-1.8241065160799046,0,24.985,3.257519448460405,-3.7767451258294846,0,,1,0,0,0,0
Prudent_Corporate_Advisory_Services_Ltd_,Prudent Corporate Advisory Services Limited,2.0,1.0986122886681098,0,1.0,0.6931471805599453,0,8.0,2.1972245773362196,0,6.13,1.9643112344262046,-3.997570010140103,0,25.285,3.2689984342714116,-2.692882810294896,0,,1,0,0,0,0
Pyramid_Technoplast_Ltd_,Not disclosed,0.0,0.0,0,0.0,0.0,0,0.0,0.0,0,,,,1,1.3412,0.8506636184349288,-4.573316766108765,0,27.63,0,0,0,0,0
Quadrant_Future_Tek_Ltd_,Quadrant Future Tek Limited,18.0,2.9444389791664403,0,0.0,0.0,0,0.0,0.0,0,,,,1,5.067,1.8028642489601607,-3.2121613934373885,0,86.2,0,0,0,2,1
Quality_Power_Electrical_Equipments_Ltd_,Quality Power Electrical Equipments Limited,0.0,0.0,0,0.0,0.0,0,0.0,0.0,0,12.75,2.6210388241125804,-3.3720244443590985,0,110.038,4.7098724850689075,-1.2831907834027714,0,58.17,0,0,0,0,0
RBZ_Jewellers_Ltd_,RBZ Jewellers Limited,1.0,0.6931471805599453,0,0.0,0.0,0,1.0,0.6931471805599453,0,0.2727,0.2411406280158644,-5.221673710413574,0,50.0,3.9318256327243257,-1.5309887057051133,0,20.68,0,0,0,0,0
R_K_SWAMY_Ltd_,R K Swamy Limited,1.0,0.6931471805599453,0,0.0,0.0,0,14.0,2.70805020110221,0,9.169,2.3193438768090004,-3.214954289854738,0,2.342,1.206569430173202,-4.327728736490537,0,41.89,0,0,0,0,0
R_R_Kabel_Ltd_,RR Kabel Limited,0.0,0.0,0,1.0,0.6931471805599453,0,7.0,2.0794415416798357,0,6.831,2.0580902157688006,-5.8184040222833175,0,39.455,3.700190245259803,-4.176303992792315,0,,1,0,0,0,0
Radiant_Cash_Management_Services_Ltd_,not stated,0.0,0.0,0,0.0,0.0,0,3.0,1.3862943611198906,0,0.962,0.6739643611431714,-4.648801685807175,0,7.621,2.154201087227788,-3.1685649597225582,0,,1,0,0,0,0
RailTel_Corp_of_India_Ltd_,RailTel Corporation of India Limited,2.0,1.0986122886681098,0,0.0,0.0,0,14.0,2.70805020110221,0,39.628,3.704457484077255,-4.112825710399649,0,151.58,5.027689048662084,-2.78959414581482,0,,1,0,0,1,0
Rail_Vikas_Nigam_Ltd_,Rail Vikas Nigam Limited,0.0,0.0,0,,,1,17.0,2.8903717578961645,0,4933.527,8.504012101276087,-0.5708990783924133,0,3774.209,8.236211024388993,-0.8387001552795077,0,,1,0,0,1,0
Rainbow_Children_s_Medicare_Ltd_,Rainbow Children's Medicare Limited,5.0,1.791759469228055,0,0.0,0.0,0,13.0,2.6390573296152584,0,25.387,3.272871464629213,-3.8506079094472043,0,15.111,2.7795022685088497,-4.343977105567568,0,,1,0,0,0,0
Rajputana_Stainless_Ltd_,Rajputana Stainless Limited,0.0,0.0,0,0.0,0.0,0,18.0,2.9444389791664403,0,128.3677,4.862658737306903,-1.2461443022183119,0,120.8246,4.8025823053258625,-1.3062207341993526,0,41.69,0,0,0,0,0
Rashi_Peripherals_Ltd_,Rashi Peripherals Limited,2.0,1.0986122886681098,0,6.0,1.9459101490553132,0,85.0,4.454347296253507,0,412.189,6.023905115400322,-2.2849444633133045,0,592.764,6.38648193401824,-1.9223676446953863,0,,1,0,0,1,0
Rategain_Travel_Technologies_Ltd_,RateGain,0.0,0.0,0,2.0,1.0986122886681098,0,2.0,1.0986122886681098,0,68.377,4.239555400479885,-1.8223443108439987,0,68.377,4.239555400479885,-1.8223443108439987,0,37.01,0,0,0,0,0
Ratnaveer_Precision_Engineering_Ltd_,Ratnaveer Precision Engineering Limited,0.0,0.0,0,30.0,3.4339872044851463,0,21.0,3.091042453358316,0,19.797,3.0348087455357837,-2.9314661904985386,0,16.296,2.8504752608968524,-3.11579967513747,0,49.62,0,0,0,0,0
Regaal_Resources_Ltd_,Regaal Resources,2.0,1.0986122886681098,0,0.0,0.0,0,1.0,0.6931471805599453,0,2.329,1.202671958592888,-5.55573608552631,0,2.329,1.202671958592888,-5.55573608552631,0,,1,0,0,1,0
Rishabh_Instruments_Ltd_,Rishabh Instruments Limited,0.0,0.0,0,5.0,1.791759469228055,0,0.0,0.0,0,7.193,2.1032801311596776,-4.37358453362308,0,7.188,2.102669667799043,-4.374194996983714,0,31.92,0,0,0,0,0
Rolex_Rings_Ltd_,Not disclosed,0.0,0.0,0,0.0,0.0,0,11.0,2.4849066497880004,0,14.891,2.7657529112304995,-3.9162554305673125,0,14.039,2.710646826949476,-3.971361514848336,0,72.62,0,0,0,0,0
Rossari_Biotech_Ltd_,Rossari Biotech Limited,0.0,0.0,0,0.0,0.0,0,1.0,0.6931471805599453,0,4.744,1.748155831745923,-4.409924242334396,0,,,,1,53.72,0,0,0,0,0
Route_Mobile_Ltd_,Route Mobile Limited,2.0,1.0986122886681098,0,0.0,0.0,0,23.0,3.1780538303479458,0,46.003,3.8502114294602583,-2.6047198025525446,0,59.383,4.100707608370685,-2.3542236236421177,0,52.5,0,0,0,1,0
Rubicon_Research_Ltd_,Rubicon Research Limited,1.0,0.6931471805599453,0,0.0,0.0,0,17.0,2.8903717578961645,0,54.197,4.0109086039800665,-3.396773117899061,0,,,,1,,1,0,0,0,0
SAMHI_Hotels_Ltd_,SAMHI Hotels Limited,2.0,1.0986122886681098,0,7.0,2.0794415416798357,0,47.0,3.871201010907891,0,91.704,4.52941162158694,-3.195476817736134,0,27.574,3.3524972134429665,-4.372391225880108,0,,1,1,1,1,0
SBFC_Finance_Ltd_,SBFC Finance Limited,8.0,2.1972245773362196,0,0.0,0.0,0,0.0,0.0,0,3.31,1.4609379041156565,-7.195571913145747,0,0.636,0.4922542381805553,-8.164255579080848,0,,1,0,0,1,0
SBI_Cards___Payment_Services_Ltd_,SBI Cards and Payment Services Limited,3.0,1.3862943611198906,0,3.0,1.3862943611198906,0,15.0,2.772588722239781,0,478.611,6.172975358670155,-3.992663743403555,0,,,,1,,1,0,0,0,0
SEDEMAC_Mechatronics_Ltd_,Sedemac Mechatronics Private Limited,0.0,0.0,0,0.0,0.0,0,4.0,1.6094379124341003,0,3.455,1.4940270609227726,-5.023658982929156,0,2.826,1.341819871018061,-5.175866172833867,0,98.19,0,0,0,1,0
SRM_Contractors_Ltd_,SRM Contractors Limited,3.0,1.3862943611198906,0,0.0,0.0,0,9.0,2.302585092994046,0,17.2537,2.9043677992056067,-2.2306656394256126,0,65.9491,4.203932629179014,-0.9311008094522055,0,92.0,0,0,0,0,0
S_J_S_Enterprises_Ltd_,S.J.S. Enterprises Limited,,,1,,,1,18.0,2.9444389791664403,0,3.403,1.4822861267736167,-4.551375469034154,0,2.878,1.3553195568204601,-4.67834203898731,0,87.33,0,0,0,1,0
Saatvik_Green_Energy_Ltd_,Saatvik Green Energy Limited,2.0,1.0986122886681098,0,0.0,0.0,0,13.0,2.6390573296152584,0,26.698,3.321360208420526,-4.07910152921346,0,626.806,6.442231201546,-0.9582305360879859,0,57.77,0,0,0,1,0
Sagility_India_Ltd_,Sagility India Limited,0.0,0.0,0,2.0,1.0986122886681098,0,12.0,2.5649493574615367,0,985.578,6.894242389747043,-2.3542614058795754,0,,,,1,91.41,0,0,0,1,0
Sah_Polymers_Ltd_,Sah Polymers Limited,0.0,0.0,0,0.0,0.0,0,0.0,0.0,0,0.0,0.0,-4.335328031664641,0,,,,1,65.83,0,0,0,0,0
Sai_Life_Sciences_Ltd_,Sai Life Sciences Limited,2.0,1.0986122886681098,0,1.0,0.6931471805599453,0,41.0,3.7376696182833684,0,238.724,5.479488261584596,-2.33563001538798,0,29.628,3.421914623250877,-4.393203653721699,0,46.26,0,0,0,0,0
Sai_Parenteral_s_Ltd_,Sai Parenterals Limited,0.0,0.0,0,16.0,2.833213344056216,0,4.0,1.6094379124341003,0,5.433,1.8614409924288633,-4.071440597246821,0,1.902,1.065400154461996,-4.867481435213689,0,,1,0,0,1,0
Sai_Silks__Kalamandir__Ltd_,not disclosed,,,1,,,1,,,1,,,,1,,,,1,,1,0,0,0,0
Sambhv_Steel_Tubes_Ltd_,Sambhv Steel Tubes Limited,1.0,0.6931471805599453,0,2.0,1.0986122886681098,0,2.0,1.0986122886681098,0,0.206,0.1873090983049937,-7.066033887729893,0,5.908,1.9326801602844321,-5.320662825750454,0,,1,0,0,1,0
Sanathan_Textiles_Ltd_,Sanathan Textiles Limited,0.0,0.0,0,0.0,0.0,0,22.0,3.1354942159291497,0,170.104,5.142271558766321,-2.6939124871820894,0,64.479,4.181729480547589,-3.6544545654008216,0,23.16,0,0,0,1,0
Sansera_Engineering_Ltd_,Sansera Engineering Limited,,,1,6.0,1.9459101490553132,0,28.0,3.367295829986474,0,23.156,3.1845327964456547,-4.3806803073544565,0,9.233,2.3256177921046186,-5.239595311695492,0,,1,0,0,0,0
Sanstar_Ltd_,Sanstar Limited,0.0,0.0,0,0.0,0.0,0,0.0,0.0,0,,,,1,,,,1,40.53,0,0,0,0,0
Sapphire_Foods_India_Ltd_,Sapphire Foods India Limited,9.0,2.302585092994046,0,26.0,3.295836866004329,0,79.0,4.382026634673881,0,45.1,3.8308129500026027,-3.3932701656212227,0,24.322,3.2316735830980616,-3.992409532525764,0,,1,0,0,1,0
Saraswati_Saree_Depot_Ltd_,Saraswati Saree Depot Limited,1.0,0.6931471805599453,0,8.0,2.1972245773362196,0,0.0,0.0,0,0.076,0.07325046173959267,-5.259178434437212,0,,,,1,,1,0,0,0,0
Schloss_Bangalore_Ltd_,Schloss Bangalore Limited,0.0,0.0,0,8.0,2.1972245773362196,0,14.0,2.70805020110221,0,127.169,4.85334970557351,-4.166696613550181,0,494.144,6.204848629353754,-2.8151976897699376,0,,1,1,0,1,0
Scoda_Tubes_Ltd_,Scoda Tubes Limited,0.0,0.0,0,1.0,0.6931471805599453,0,4.0,1.6094379124341003,0,1.511,0.9206810801754479,-5.141917378090734,0,,,,1,47.77,0,0,0,0,0
Senco_Gold_Ltd_,Senco Gold Limited,3.0,1.3862943611198906,0,12.0,2.5649493574615367,0,44.0,3.8066624897703196,0,18.41,2.9657883971809187,-5.00885455788619,0,23.185,3.1857326062749465,-4.788910348792162,0,,1,0,0,0,0
Senores_Pharmaceuticals_Ltd_,Senores Pharmaceuticals Limited,1.0,0.6931471805599453,0,4.0,1.6094379124341003,0,9.0,2.302585092994046,0,20.787,3.081313461644197,-3.439425479298236,0,118.702,4.785005320862104,-1.735733620080329,0,78.12,0,0,0,2,1
Seshaasai_Technologies_Ltd_,Seshaasai Technologies Limited (formerly known as Seshaasai Business Forms Limited),0.0,0.0,0,0.0,0.0,0,22.0,3.1354942159291497,0,13.827,2.696449843035889,-4.360922999567075,0,,,,1,65.77,0,0,0,1,0
Shadowfax_Technologies_Ltd_,Shadowfax Technologies Limited,17.0,2.8903717578961645,0,4.0,1.6094379124341003,0,30.0,3.4339872044851463,0,4.552,1.7141582232045034,-5.56802547010034,0,,,,1,86.14,0,0,0,0,0
Shanti_Gold_International_Ltd_,Shanti Gold International Limited,2.0,1.0986122886681098,0,0.0,0.0,0,9.0,2.302585092994046,0,4.452,1.695982513834286,-4.3462464378236705,0,14.62,2.7485521444115397,-3.293676807246417,0,34.49,0,0,0,1,0
Shree_Ram_Twistex_Ltd_,Shree Ram Twistex Limited,0.0,0.0,0,1.0,0.6931471805599453,0,9.0,2.302585092994046,0,0.1822,0.16737710940813205,-5.219134267875821,0,0.5057,0.40925790634686066,-4.977253470937092,0,85.98,0,0,0,0,0
Shree_Tirupati_Balajee_Agro_Trading_Co_Ltd_,Shree Tirupati Balajee Agro Trading Company Limited,2.0,1.0986122886681098,0,,,1,9.0,2.302585092994046,0,11.951,2.56117300524145,-3.688686400193377,0,95.539,4.569947071778035,-1.6799123336567918,0,46.2,0,0,0,0,0
Shreeji_Shipping_Global_Ltd_,Shreeji Shipping Global Limited,0.0,0.0,0,0.0,0.0,0,10.0,2.3978952727983707,0,42.555,3.7740245072708554,-2.8587411416734616,0,457.945,6.128930377172811,-0.5038352717715062,0,64.12,0,0,0,0,0
Shringar_House_of_Mangalsutra_Ltd_,Shringar House of Mangalsutra Limited,0.0,0.0,0,0.0,0.0,0,1.0,0.6931471805599453,0,,,,1,,,,1,39.92,0,0,0,1,0
Shriram_Properties_Ltd_,Shriram Properties Limited,7.0,2.0794415416798357,0,2.0,1.0986122886681098,0,43.0,3.784189633918261,0,187.146,5.237218257180186,-2.8627489372032118,0,973.962,6.882398495879353,-1.2175686985040448,0,,1,0,0,1,0
Shyam_Metalics___Energy_Ltd_,Shyam Metalics and Energy Limited,19.0,2.995732273553991,0,8.0,2.1972245773362196,0,77.0,4.356708826689592,0,400.334,5.994793998328845,-2.5434069762443734,0,304.258,5.721157320673598,-2.8170436538996206,0,22.36,0,0,0,1,0
Sigachi_Industries_Ltd_,Sigachi Industries Limited,0.0,0.0,0,0.0,0.0,0,1.0,0.6931471805599453,0,5.5921,1.8858719623950215,-3.1407679058429503,0,6.4843,2.0128074931242073,-3.0138323751137643,0,,1,0,0,0,0
Signatureglobal__India__Ltd_,SignatureGlobal India Limited,0.0,0.0,0,245.0,5.5053315359323625,0,36.0,3.6109179126442243,0,31.399,3.4781275581244437,-5.221408856517696,0,20.228,3.0553210649656486,-5.644215349676491,0,,1,0,0,0,0
Smartworks_Coworking_Spaces_Ltd_,Smartworks Coworking Spaces Limited,13.0,2.6390573296152584,0,1.0,0.6931471805599453,0,7.0,2.0794415416798357,0,37.992,3.6633564968828503,-4.7816637720398045,0,1.488,0.911479174876933,-7.533541094045721,0,18.95,0,0,0,1,0
Solarworld_Energy_Solutions_Ltd_,Solarworld Energy Solutions Limited,0.0,0.0,0,0.0,0.0,0,3.0,1.3862943611198906,0,0.771,0.5715443588006965,-5.823750627738988,0,,,,1,99.97,0,0,0,0,0
Sona_BLW_Precision_Forgings_Ltd_,Sona BLW Precision Forgings Limited,0.0,0.0,0,0.0,0.0,0,17.0,2.8903717578961645,0,56.428,4.050531989265448,-3.6346334906584685,0,10.135,2.410093300709331,-5.275072179214585,0,79.6,0,0,0,2,1
Spandana_Sphoorty_Financial_Ltd_,Spandana Sphoorty Financial Limited,105.0,4.663439094112067,0,4.0,1.6094379124341003,0,7.0,2.0794415416798357,0,42.193,3.7656784450836085,-4.731116101453253,0,188.1,5.242275975664412,-3.25451857087245,0,,1,0,0,1,0
Sri_Lotus_Developers___Realty_Ltd_,Lotus Developers,0.0,0.0,0,0.0,0.0,0,0.0,0.0,0,4.575,1.7182923173461826,-5.387985897767917,0,,,,1,,1,0,0,0,0
Stallion_India_Fluorochemicals_Ltd_,Stallion India Fluorochemicals Limited,0.0,0.0,0,0.0,0.0,0,2.0,1.0986122886681098,0,0.6958,0.5281546058877655,-4.938596662168954,0,6.4444,2.0074620718876717,-3.4592891961690477,0,75.69,0,0,0,1,0
Standard_Glass_Lining_Technology_Ltd_,Standard Glass Lining Technology Limited,2.0,1.0986122886681098,0,0.0,0.0,0,10.0,2.3978952727983707,0,67.124,4.22132957397659,-2.408720365698655,0,49.597,3.9238922859982357,-2.706157653677009,0,40.56,0,0,0,1,0
Stanley_Lifestyles_Ltd_,Stanley Lifestyles Limited,0.0,0.0,0,15.0,2.772588722239781,0,10.0,2.3978952727983707,0,4.29,1.665818245870208,-4.7015796067399,0,4.322,1.6718491725554974,-4.6955486800546105,0,,1,0,0,1,0
Star_Health___Allied_Insurance_Co_Ltd_,Star Health and Allied Insurance Company Limited,2.0,1.0986122886681098,0,2.0,1.0986122886681098,0,5.0,1.791759469228055,0,568.154,6.344151047770776,-2.939738068591854,0,0.0,0.0,-9.28388911636263,0,,1,0,0,0,0
Sterling___Wilson_Solar_Ltd_,Sterling and Wilson Solar Limited,1.0,0.6931471805599453,0,2.0,1.0986122886681098,0,0.0,0.0,0,21.898,3.1310495705016206,-5.461792690681451,0,0.172,0.15871169115482087,-8.43413057002825,0,,1,0,0,0,0
Stove_Kraft_Ltd_,not disclosed,9.0,2.302585092994046,0,25.0,3.258096538021482,0,11.0,2.4849066497880004,0,15.964,2.8310934516123445,-3.382514146476264,0,25.244,3.267437391482631,-2.9461702066059776,0,,1,0,0,0,0
Studds_Accessories_Ltd_,Studds Accessories Limited,3.0,1.3862943611198906,0,22.0,3.1354942159291497,0,11.0,2.4849066497880004,0,1.573,0.945072533299607,-5.430990929235155,0,3.302,1.4590800308455383,-4.916983431689223,0,,1,0,0,0,0
Sudeep_Pharma_Ltd_,Sudeep Pharma,3.0,1.3862943611198906,0,0.0,0.0,0,0.0,0.0,0,,,,1,,,,1,40.78,0,0,0,0,0
Sula_Vineyards_Ltd_,Sula Vineyards Limited,2.0,1.0986122886681098,0,9.0,2.302585092994046,0,10.0,2.3978952727983707,0,125.098,4.837059382416864,-1.8118603986710715,0,18.515,2.971183400632578,-3.677736380455358,0,,1,0,0,1,0
Supriya_Lifescience_Ltd_,not disclosed,2.0,1.0986122886681098,0,2.0,1.0986122886681098,0,1.0,0.6931471805599453,0,4.191,1.646926356845092,-4.577830072628915,0,1.616,0.9616464335949523,-5.263109995879055,0,40.1,0,0,0,0,0
Suraj_Estate_Developers_Ltd_,Suraj Estate Developers Limited,0.0,0.0,0,0.0,0.0,0,9.0,2.302585092994046,0,56.174,4.046099249594106,-2.8573768869031424,0,27.233,3.3404915065447605,-3.562984629952488,0,,1,0,0,1,0
Suraksha_Diagnostic_Ltd_,Suraksha Diagnostic,0.0,0.0,0,4.0,1.6094379124341003,0,1.0,0.6931471805599453,0,0.9,0.6418538861723948,-5.111353471811329,0,0.0,0.0,-5.753207357983724,0,,1,0,0,2,1
Suryoday_Small_Finance_Bank_Ltd_,Suryoday,,,1,,,1,3.0,1.3862943611198906,0,3.354,1.4710949628123557,-7.285337151669636,0,4.876,1.7708762583116309,-6.985555856170361,0,,1,0,0,0,0
Swiggy_Ltd_,Swiggy,7.0,2.0794415416798357,0,10.0,2.3978952727983707,0,30.0,3.4339872044851463,0,396.608,5.985466595304346,-3.2585251637256247,0,,,,1,,1,0,0,1,0
Syrma_SGS_Technology_Ltd_,not disclosed,2.0,1.0986122886681098,0,0.0,0.0,0,7.0,2.0794415416798357,0,7.677,2.1606758468113525,-3.9727438879239982,0,7.695,2.1627481478062465,-3.9706715869291043,0,,1,0,0,0,0
TBO_Tek_Ltd_,TBO Tek Limited,2.0,1.0986122886681098,0,2.0,1.0986122886681098,0,18.0,2.9444389791664403,0,122.348,4.815009628818785,-3.4158472508700264,0,50.147,3.934703839651204,-4.296153040037607,0,,1,0,0,1,0
TVS_Supply_Chain_Solutions_Ltd_,TVS Supply Chain Solutions Limited,4.0,1.6094379124341003,0,14.0,2.70805020110221,0,41.0,3.7376696182833684,0,160.061,5.081783175214385,-3.6524421306712025,0,,,,1,27.69,0,0,0,1,0
Tamilnad_Mercantile_Bank_Ltd_,Tamilnad Mercantile Bank Limited,2.0,1.0986122886681098,0,14.0,2.70805020110221,0,20.0,3.044522437723423,0,4066.237,8.31071917812134,-2.5646733618632673,0,8797.696,9.082358807668106,-1.793033732316502,0,,1,0,0,1,0
Tarsons_Products_Ltd_,Tarsons,,,1,,,1,,,1,,,,1,,,,1,37.33,0,0,0,1,0
Tata_Capital_Ltd_,Tata Capital Limited,316.0,5.75890177387728,0,9.0,2.302585092994046,0,119.0,4.787491742782046,0,812.27,6.701063157734742,-5.737133711877512,0,788.92,6.671931674510553,-5.766265195101701,0,,1,0,0,1,0
Tata_Technologies_Ltd_,Tata Technologies Limited,36.0,3.6109179126442243,0,6.0,1.9459101490553132,0,19.0,2.995732273553991,0,142.41,4.965707660741121,-3.5797658460976507,0,29.313,3.411576663407024,-5.133896843431748,0,,1,0,0,0,0
Tatva_Chintan_Pharma_Chem_Ltd_,Tatva Chintan Specialty Chemicals Limited,0.0,0.0,0,0.0,0.0,0,2.0,1.0986122886681098,0,1.916,1.0702128141464118,-4.68489628767513,0,,,,1,59.99,0,0,0,1,0
Tega_Industries_Ltd_,Tega Industries Limited,0.0,0.0,0,9.0,2.302585092994046,0,24.0,3.2188758248682006,0,29.921,3.4314355647227655,-3.531915240760244,0,9.448,2.3464105725340754,-4.616940232948934,0,,1,1,0,2,1
Tenneco_Clean_Air_India_Ltd_,Tenneco Clean Air India Limited,1.0,0.6931471805599453,0,2.0,1.0986122886681098,0,69.0,4.248495242049359,0,114.738,4.751329015885797,-3.2279311091509504,0,116.468,4.766165956067294,-3.2130941689694534,0,81.54,0,0,0,1,0
Tolins_Tyres_Ltd_,Tolins Tyres Limited,0.0,0.0,0,0.0,0.0,0,0.0,0.0,0,0.0,0.0,-4.4405313640464446,0,14.869,2.7643675205807052,-1.6761638434657393,0,,1,0,0,0,0
Tracxn_Technologies_Ltd_,Tracxn,0.0,0.0,0,0.0,0.0,0,1.0,0.6931471805599453,0,0.317904,0.2760425957947494,-3.78060009924334,0,0.317904,0.2760425957947494,-3.78060009924334,0,,1,0,0,1,0
Transrail_Lighting_Ltd_,not disclosed,2.0,1.0986122886681098,0,2.0,1.0986122886681098,0,61.0,4.127134385045092,0,235.92,5.467722531408764,-3.016362586548121,0,253.106,5.537751502798227,-2.9463336151586583,0,77.89,0,0,0,0,0
Travel_Food_Services_Ltd_,Travel Food Services Limited,0.0,0.0,0,8.0,2.1972245773362196,0,46.0,3.8501476017100584,0,107.421,4.686021797180175,-2.8655486013929226,0,273.443,5.614743589114058,-1.9368268094590402,0,,1,0,0,1,0
Trualt_Bioenergy_Ltd_,TruAlt Bioenergy Limited,6.0,1.9459101490553132,0,0.0,0.0,0,4.0,1.6094379124341003,0,0.015,0.014888612493750654,-8.001670181084524,0,,,,1,99.78,0,0,0,1,0
Turtlemint_Fintech_Solutions_Ltd_,Turtlemint Fintech Solutions Limited,7.0,2.0794415416798357,0,3.0,1.3862943611198906,0,18.0,2.9444389791664403,0,57.546,4.069812770032769,-2.078954626448989,0,57.421,4.067675414238632,-2.0810919822431257,0,,1,0,0,1,0
UTI_Asset_Management_Co_Ltd_,UTI Asset Management Company Private Limited,23.0,3.1780538303479458,0,1.0,0.6931471805599453,0,5.0,1.791759469228055,0,1014.1921018,6.9228331364250755,-1.168004247851404,0,,,,1,,1,0,0,0,0
Udayshivakumar_Infra_Ltd_,Udayshivakumar Infra Limited,4.0,1.6094379124341003,0,0.0,0.0,0,1.0,0.6931471805599453,0,6.2077,1.9751498990181293,-3.2172512419383583,0,64.7711,4.186180532123984,-1.0062206088325034,0,81.51,0,0,0,0,0
Ujjivan_Small_Finance_Bank_Ltd_,Ujjivan Small Finance Bank Limited,0.0,0.0,0,1.0,0.6931471805599453,0,0.0,0.0,0,0.0,0.0,-9.687127193268722,0,0.425,0.35417181372061385,-9.332955379548109,0,,1,0,0,0,0
Uma_Exports_Ltd_,Uma Exports Limited,0.0,0.0,0,0.0,0.0,0,0.0,0.0,0,0.0,0.0,-5.786559901113769,0,1.7,0.9932517730102833,-4.793308128103486,0,33.13,0,0,0,0,0
Unicommerce_eSolutions_Ltd_,Unicommerce eSolutions Limited,4.0,1.6094379124341003,0,3.0,1.3862943611198906,0,8.0,2.1972245773362196,0,2.614,1.2848151921700368,-3.4166646739554634,0,,,,1,27.38,0,0,0,1,0
Unimech_Aerospace___Manufacturing_Ltd_,Unimech Aerospace and Manufacturing Limited,0.0,0.0,0,0.0,0.0,0,2.0,1.0986122886681098,0,2.954,1.3747277247484253,-4.8602122726456845,0,0.0,0.0,-6.23493999739411,0,99.45,0,0,0,1,0
Uniparts_India_Ltd_,Uniparts India Limited,0.0,0.0,0,2.0,1.0986122886681098,0,49.0,3.912023005428146,0,10.8,2.468099531471619,-4.502170346899519,0,5.52,1.8748743759385615,-5.095395502432577,0,70.42,0,0,0,1,0
Updater_Services_Ltd_,Updater Services Limited,6.0,1.9459101490553132,0,2.0,1.0986122886681098,0,18.0,2.9444389791664403,0,12.218,2.581579537048261,-4.52334485947585,0,63.187,4.1618006979797615,-2.9431236985443494,0,,1,0,0,2,1
Urban_Co_Ltd_,Urban Company Limited,1.0,0.6931471805599453,0,13.0,2.6390573296152584,0,4.0,1.6094379124341003,0,55.915,4.04155892677718,-3.6553988894014493,0,43.781,3.8017839423192124,-3.8951738738594166,0,,1,0,0,0,0
Utkarsh_Small_Finance_Bank_Ltd_,Utkarsh Small Finance Bank Limited,1.0,0.6931471805599453,0,7.0,2.0794415416798357,0,1.0,0.6931471805599453,0,0.497,0.4034631054374913,-9.454950718419704,0,341.605,5.836578180062567,-4.021835643794629,0,,1,0,0,1,0
VMS_TMT_Ltd_,Not stated,3.0,1.3862943611198906,0,17.0,2.8903717578961645,0,14.0,2.70805020110221,0,1.059,0.7222204280456523,-5.3878046301841,0,0.6468,0.49883401091361257,-5.611191047316139,0,92.82,0,0,0,0,0
Valiant_Laboratories_Ltd_,Valiant Laboratories Limited,0.0,0.0,0,0.0,0.0,0,0.0,0.0,0,,,,1,,,,1,42.61,0,0,0,0,0
Vedant_Fashions_Ltd_,not stated,3.0,1.3862943611198906,0,7.0,2.0794415416798357,0,5.0,1.791759469228055,0,0.615,0.47933495667461984,-6.79756716774157,0,,,,1,,1,0,0,1,0
Ventive_Hospitality_Ltd_,Ventive Hospitality Limited,2.0,1.0986122886681098,0,5.0,1.791759469228055,0,16.0,2.833213344056216,0,19.256,3.0084510459617655,,0,7.136,2.096298658746259,,0,,1,0,0,1,0
Venus_Pipes___Tubes_Ltd_,Venus Pipes & Tubes Limited,,,1,,,1,,,1,1.188,0.7829878845597348,-4.727533413264125,0,28.964,3.3999966610856363,-2.110524636738224,0,37.49,0,0,0,1,0
Veranda_Learning_Solutions_Ltd_,Not stated in the provided section,1.0,0.6931471805599453,0,0.0,0.0,0,6.0,1.9459101490553132,0,0.009,0.008959741371471904,-5.722340619321469,0,,,,1,,1,0,0,0,0
Vibhor_Steel_Tubes_Ltd_,Vibhor Steel Tubes Limited,6.0,1.9459101490553132,0,0.0,0.0,0,4.0,1.6094379124341003,0,44.317,3.8136822380287754,-2.119835349124357,0,,,,1,,1,0,0,0,0
Vidya_Wires_Ltd_,Vidya Wires Limited,0.0,0.0,0,2.0,1.0986122886681098,0,3.0,1.3862943611198906,0,3.57,1.5195132049061133,-4.415195788379395,0,7.494,2.1393600318910795,-3.795348961394429,0,,1,0,0,0,0
Vijaya_Diagnostic_Centre_Ltd_,Vijaya Diagnostic Centre,13.0,2.6390573296152584,0,1.0,0.6931471805599453,0,4.0,1.6094379124341003,0,4.065,1.6223541377006467,-4.783832538778176,0,0.056,0.054488185284069734,-6.351698491194753,0,,1,0,0,0,0
Vikram_Solar_Ltd_,Vikram Solar Limited,10.0,2.3978952727983707,0,3.0,1.3862943611198906,0,46.0,3.8501476017100584,0,344.163,5.844016769223612,-2.1051276766108176,0,257.772,5.5559473651198195,-2.39319708071461,0,88.72,0,0,0,1,0
Vikran_Engineering_Ltd_,not disclosed,1.0,0.6931471805599453,0,1.0,0.6931471805599453,0,8.0,2.1972245773362196,0,71.995,4.290390945651943,-2.9216675067982107,0,64.131,4.17640062634801,-3.0356578261021436,0,88.08,0,0,0,1,0
Vishal_Mega_Mart_Ltd_,Vishal Mega Mart Limited,16.0,2.833213344056216,0,279.0,5.634789603169249,0,49.0,3.912023005428146,0,45.822,3.846353177938126,-5.3182311721998525,0,60.661,4.121651640296005,-5.042932709841974,0,,1,0,0,1,0
Vishnu_Prakash_R_Punglia_Ltd_,Vishnu Prakash R Punglia Construction Limited,5.0,1.791759469228055,0,0.0,0.0,0,0.0,0.0,0,2.877,1.355061658688792,-5.362114059852399,0,277.658,5.629985223454494,-1.0871904950866966,0,93.46,0,0,0,0,0
Vishwaraj_Sugar_Industries_Ltd_,Vishwaraj Sugar Industries Limited,2.0,1.0986122886681098,0,3.0,1.3862943611198906,0,9.0,2.302585092994046,0,2.5997534,1.2808653431158321,-5.299149466168538,0,18.5314,2.972023426907184,-3.6079913823771865,0,,1,0,0,0,0
Vraj_Iron___Steel_Ltd_,Vraj Iron and Steel Limited,5.0,1.791759469228055,0,14.0,2.70805020110221,0,0.0,0.0,0,7.606,2.1524596344164078,-3.3850714636233334,0,49.351,3.9190184799405325,-1.6185126180992087,0,58.56,0,0,0,0,0
Waaree_Energies_Ltd_,Waaree Energies Limited,3.0,1.3862943611198906,0,0.0,0.0,0,61.0,4.127134385045092,0,25.302,3.269644981919773,-6.122223298661607,0,173.489,5.161861702406267,-4.2300065781751135,0,56.77,0,0,0,1,0
Wakefit_Innovations_Ltd_,Wakefit Innovations Limited,7.0,2.0794415416798357,0,2.0,1.0986122886681098,0,30.0,3.4339872044851463,0,36.964,3.636638342268246,-3.4710655533580517,0,8.081,2.2061843187076913,-4.901519576918606,0,,1,0,0,1,0
Waterways_Leisure_Tourism_Ltd_,Waterways Leisure Tourism Limited,0.0,0.0,0,0.0,0.0,0,3.0,1.3862943611198906,0,25.546,3.2788790772040106,-2.558209764760415,0,,,,1,,1,1,1,1,0
WeWork_India_Management_Ltd_,WeWork India Management Limited,14.0,2.70805020110221,0,1.0,0.6931471805599453,0,23.0,3.1780538303479458,0,174.888,5.169847428836508,-3.422948474196467,0,,,,1,24.01,0,0,0,1,0
Western_Carriers__India__Ltd_,Western Carriers (India) Limited,12.0,2.5649493574615367,0,9.0,2.302585092994046,0,4.0,1.6094379124341003,0,3.093,1.409278197510266,-5.217452796684157,0,,,,1,71.97,0,0,0,1,0
Windlas_Biotech_Ltd_,Windlas Biotech Limited,1.0,0.6931471805599453,0,5.0,1.791759469228055,0,11.0,2.4849066497880004,0,,,,1,,,,1,,1,0,0,1,0
Xelpmoc_Design___Tech_Ltd_,Xelpmoc Design & Tech Limited,,,1,,,1,,,1,,,,1,,,,1,98.34,0,0,0,0,0
Yatharth_Hospital___Trauma_Care_Services_Ltd_,Yatharth Hospital & Trauma Care Services Limited,6.0,1.9459101490553132,0,0.0,0.0,0,0.0,0.0,0,0.574,0.45362014999521144,-5.7345823695472085,0,235.844,5.467401696559971,-0.720800822982449,0,,1,1,0,1,0
Yatra_Online_Ltd_,Yatra Online Limited,7.0,2.0794415416798357,0,3.0,1.3862943611198906,0,36.0,3.6109179126442243,0,295.491,5.6920168638455495,-0.8333792957428985,0,40.224,3.719020611025923,-2.806375548562525,0,,1,0,0,1,0
Zaggle_Prepaid_Ocean_Services_Ltd_,Zaggle Prepaid Ocean Services Limited,0.0,0.0,0,0.0,0.0,0,3.0,1.3862943611198906,0,4.616,1.72561966672351,-3.737194671705929,0,2.473,1.245018773761937,-4.217795564667502,0,11.41,0,0,0,0,0
Zinka_Logistics_Solutions_Ltd_,Zinka Logistics Solutions Limited,2.0,1.0986122886681098,0,0.0,0.0,0,10.0,2.3978952727983707,0,0.813,0.594982931772714,-5.8513874695893024,0,,,,1,,1,0,0,1,0
Zomato_Ltd_,Zomato,3.0,1.3862943611198906,0,9.0,2.302585092994046,0,9.0,2.302585092994046,0,116.267,4.76445338615547,-4.307146621457003,0,95.74,4.572026967394837,-4.499573040217635,0,,1,0,0,0,0
eMudhra_Ltd_,eMudhra Limited,0.0,0.0,0,0.0,0.0,0,1.0,0.6931471805599453,0,3.229,1.4419655584903515,-4.099729266202704,0,6.068,1.9555775544574499,-3.586117270235606,0,,1,0,0,0,0
ideaForge_Technology_Ltd_,ideaForge,3.0,1.3862943611198906,0,1.0,0.6931471805599453,0,0.0,0.0,0,0.0,0.0,-6.192219329943782,0,6.955,2.0738006617897504,-4.118418668154032,0,,1,0,0,0,0
